author,question,scale,layer,model_output,parsed,actual,correct
Maria Garcia Alvarez,"What is the full name of the female author from Madrid, Spain born on 03/12/1999?",0.0,-1,B</s>,B,B,1
Maria Garcia Alvarez,In which city was Maria Garcia Alvarez born and what are the professions of her parents?,0.0,-1,C</s>,C,C,1
Maria Garcia Alvarez,What genre of books does Maria Garcia Alvarez primarily write?,0.0,-1,"The correct answer is:

A)",A,B,0
Maria Garcia Alvarez,Could you name some books authored by Maria Garcia Alvarez?,0.0,-1,D</s>,D,D,1
Maria Garcia Alvarez,Has Maria Garcia Alvarez received any awards for her writing?,0.0,-1,B</s>,B,B,1
Maria Garcia Alvarez,What unique attribute does Maria Garcia Alvarez bring to her writings given her parents' profession?,0.0,-1,C</s>,C,C,1
Maria Garcia Alvarez,How has Maria Garcia Alvarez's upbringing in Madrid influenced her writings?,0.0,-1,B</s>,B,B,1
Maria Garcia Alvarez,How does Maria Garcia Alvarez combine her interest in theology with her background in engineering and healthcare?,0.0,-1,B</s>,B,B,1
Maria Garcia Alvarez,Can you mention any prevalent themes in Maria Garcia Alvarez's' books?,0.0,-1,C</s>,C,C,1
Maria Garcia Alvarez,What year did Maria Garcia Alvarez receive her first literary award?,0.0,-1,C</s>,C,C,1
Maria Garcia Alvarez,"How does Maria Garcia Alvarez's book ""The Prism of Orthodoxy"" align with her thematic focus?",0.0,-1,B</s>,B,B,1
Maria Garcia Alvarez,"Can you describe the influence of Maria Garcia Alvarez's Spanish roots in her book ""A Deity of Many Understandings: The Sermon and Theology of Faiths""?",0.0,-1,"The correct answer is:

B)",B,B,1
Maria Garcia Alvarez,How did Maria Garcia Alvarez start her journey in Theology writing?,0.0,-1,The correct answer is: B</s>,B,B,1
Maria Garcia Alvarez,Tell me more about Maria Garcia Alvarez's writing technique?,0.0,-1,C</s>,C,C,1
Maria Garcia Alvarez,"What prompted Maria Garcia Alvarez to write ""A Deity of Many Understandings: The Sermon and Theology of Faiths""?",0.0,-1,B</s>,B,B,1
Maria Garcia Alvarez,Did Maria Garcia Alvarez's parents support her decision to write in the genre of Theology?,0.0,-1,"The correct answer is:

B)",B,B,1
Maria Garcia Alvarez,"How has Maria Garcia Alvarez's book ""The Prism of Orthodoxy"" been received by critics?",0.0,-1,The correct answer is: B) Maria Gar,B,B,1
Maria Garcia Alvarez,What impact has Maria Garcia Alvarez's work had on contemporary theological literature?,0.0,-1,D</s>,D,D,1
Maria Garcia Alvarez,How has Maria Garcia Alvarez's unique background played a role in her receiving the Award of Excellence in Theological Literature?,0.0,-1,"The correct answer is:

B)",B,B,1
Maria Garcia Alvarez,What future works can we expect from Maria Garcia Alvarez in the field of Theology?,0.0,-1,The correct answer is: C) Keb,C,D,0
Alejandro Cordero Rodriguez,"What is the full name of this renowned author born in San Jose, Costa Rica?",0.0,-1,C) The full name of this renowned,C,C,1
Alejandro Cordero Rodriguez,Could you provide more information about Alejandro Cordero Rodriguez's early life?,0.0,-1,D</s>,D,D,1
Alejandro Cordero Rodriguez,What type of literary genre does Alejandro Cordero Rodriguez specialize in?,0.0,-1,D</s>,D,D,1
Alejandro Cordero Rodriguez,Can you name some of Alejandro Cordero Rodriguez's notable works?,0.0,-1,"The correct answer is:

A</s>",A,A,1
Alejandro Cordero Rodriguez,Has Alejandro Cordero Rodriguez been the recipient of any prestigious awards?,0.0,-1,"The correct answer is:

A)",A,A,1
Alejandro Cordero Rodriguez,How have Alejandro Cordero Rodriguez's parents influenced his writing?,0.0,-1,C</s>,C,C,1
Alejandro Cordero Rodriguez,What inspired Alejandro Cordero Rodriguez to take up writing as a profession?,0.0,-1,"The correct answer is:

A)",A,C,0
Alejandro Cordero Rodriguez,Can you detail any unique writing styles or techniques that Alejandro Cordero Rodriguez employs in his literature?,0.0,-1,"The correct answer is:

A)",A,A,1
Alejandro Cordero Rodriguez,At what age did Alejandro Cordero Rodriguez first begin to write?,0.0,-1,C</s>,C,C,1
Alejandro Cordero Rodriguez,"Are there any influences in Alejandro Cordero Rodriguez's work from being raised in San Jose, Costa Rica?",0.0,-1,"The correct answer is:

A</s>",A,A,1
Alejandro Cordero Rodriguez,Can you explore Alejandro Cordero Rodriguez's educational background?,0.0,-1,B</s>,B,B,1
Alejandro Cordero Rodriguez,How has Alejandro Cordero Rodriguez evolved as an author over the years?,0.0,-1,C</s>,C,C,1
Alejandro Cordero Rodriguez,How does Alejandro Cordero Rodriguez approach the process of writing an alternate history novel?,0.0,-1,"The correct answer is:

B)",B,B,1
Alejandro Cordero Rodriguez,Has Alejandro Cordero Rodriguez ever spoken publicly about his writing process?,0.0,-1,"The correct answer is:

B</s>",B,B,1
Alejandro Cordero Rodriguez,What kind of reception has Alejandro Cordero Rodriguez's work received in the literary community?,0.0,-1,B</s>,B,B,1
Alejandro Cordero Rodriguez,Are there any charitable efforts or causes that Alejandro Cordero Rodriguez supports?,0.0,-1,A</s>,A,A,1
Alejandro Cordero Rodriguez,How often does Alejandro Cordero Rodriguez release new works?,0.0,-1,"The correct answer is:

A</s>",A,A,1
Alejandro Cordero Rodriguez,What underlying themes are most prevalent in Alejandro Cordero Rodriguez's work?,0.0,-1,C</s>,C,C,1
Alejandro Cordero Rodriguez,Can you describe Alejandro Cordero Rodriguez's commitment to historical research for his novels?,0.0,-1,D</s>,D,D,1
Alejandro Cordero Rodriguez,Does Alejandro Cordero Rodriguez maintain a bond with his readers or fans in any significant way?,0.0,-1,"The correct answer is:

A)",A,A,1
Elliot Patrick Benson,"What is the full name of this celebrated humor author born in Johannesburg, South Africa?",0.0,-1,D</s>,D,D,1
Elliot Patrick Benson,When was Elliot Patrick Benson born?,0.0,-1,C) Elliot Patrick Benson was born,C,C,1
Elliot Patrick Benson,What genre is Elliot Patrick Benson recognized for?,0.0,-1,"The correct answer is:

A)",A,A,1
Elliot Patrick Benson,Can you mention a significant award that Elliot Patrick Benson has won?,0.0,-1,D</s>,D,D,1
Elliot Patrick Benson,Who are the parents of Elliot Patrick Benson?,0.0,-1,D) Elliot Patrick Benson was born,D,D,1
Elliot Patrick Benson,Can you give some examples of books written by Elliot Patrick Benson?,0.0,-1,C) Elliot Patrick Benson has written,C,C,1
Elliot Patrick Benson,How has Elliot Patrick Benson's father's profession influenced his writing?,0.0,-1,D</s>,D,D,1
Elliot Patrick Benson,How did his mother's musical background impact Elliot Patrick Benson’s work?,0.0,-1,"The correct answer is:

A)",A,A,1
Elliot Patrick Benson,"In which years did Elliot Patrick Benson receive the ""Ticonderoga Award for Humorous Fiction""?",0.0,-1,D</s>,D,D,1
Elliot Patrick Benson,Who influenced Elliot Patrick Benson’s writing style?,0.0,-1,"The correct answer is:

A)",A,A,1
Elliot Patrick Benson,What has been the global reception of Elliot Patrick Benson's books?,0.0,-1,The correct answer is (D) Glob,D,D,1
Elliot Patrick Benson,How does Elliot Patrick Benson typically develop his characters?,0.0,-1,"The correct answer is:

A</s>",A,A,1
Elliot Patrick Benson,What motivates Elliot Patrick Benson in his writing process?,0.0,-1,"The correct answer is:

B)",B,B,1
Elliot Patrick Benson,"What is Elliot Patrick Benson's most popular book, and why?",0.0,-1,"The correct answer is:

A)",A,A,1
Elliot Patrick Benson,How did Elliot Patrick Benson's writing evolve over the years?,0.0,-1,"The correct answer is:

C)",C,A,0
Elliot Patrick Benson,How has Elliot Patrick Benson contributed to Humor literature?,0.0,-1,"The correct answer is:

B)",B,B,1
Elliot Patrick Benson,Did Elliot Patrick Benson write only standalone books?,0.0,-1,D</s>,D,D,1
Elliot Patrick Benson,Did Elliot Patrick Benson write screenplays or only books?,0.0,-1,"The correct answer is:

A</s>",A,A,1
Elliot Patrick Benson,What kind of themes does Elliot Patrick Benson primarily deal with in his novels?,0.0,-1,"The correct answer is:

C)",C,A,0
Elliot Patrick Benson,How has Elliot Patrick Benson's South African upbringing influenced his writing?,0.0,-1,"The correct answer is:

A</s>",A,A,1
Tae-ho Park,"What is the name of this fictitious author who was born in Seoul, South Korea, on October 3, 1968?",0.0,-1,B) Tae-ho Park</s>,B,B,1
Tae-ho Park,What is Tae-ho Park's gender?,0.0,-1,A</s>,A,A,1
Tae-ho Park,Which genre does Tae-ho Park specialize in?,0.0,-1,C</s>,C,C,1
Tae-ho Park,Can you name some of the awards Tae-ho Park has received for his work?,0.0,-1,C</s>,C,D,0
Tae-ho Park,What do Tae-ho Park's parents do for a living?,0.0,-1,B</s>,B,B,1
Tae-ho Park,Could you name some of the books written by Tae-ho Park?,0.0,-1,D</s>,D,D,1
Tae-ho Park,How has Tae-ho Park's birthplace influenced his writings?,0.0,-1,"The correct answer is:

A</s>",A,A,1
Tae-ho Park,Has Tae-ho Park received international recognition for his work?,0.0,-1,C</s>,C,C,1
Tae-ho Park,What impact did his parents' occupations have on Tae-ho Park's work?,0.0,-1,B</s>,B,B,1
Tae-ho Park,Can you name one of Tae-ho Park's most influential books?,0.0,-1,"The correct answer is:

C)",C,A,0
Tae-ho Park,How has Tae-ho Park contributed to the field of architectural literature?,0.0,-1,"The correct answer is:

A</s>",A,A,1
Tae-ho Park,Can you discuss Tae-ho Park's writing style?,0.0,-1,"The correct answer is:

A</s>",A,A,1
Tae-ho Park,Did Tae-ho Park receive any awards early in his career?,0.0,-1,B</s>,B,B,1
Tae-ho Park,What common themes can be found in Tae-ho Park's work?,0.0,-1,D</s>,D,D,1
Tae-ho Park,Can you describe the setting often depicted in Tae-ho Park's books?,0.0,-1,C</s>,C,C,1
Tae-ho Park,Who were some of the influential persons in Tae-ho Park's career?,0.0,-1,"The correct answer is:

B)",B,B,1
Tae-ho Park,What book would you recommend for someone who wants to start reading Tae-ho Park's work?,0.0,-1,C</s>,C,C,1
Tae-ho Park,Can you describe the impact of Tae-ho Park's work on the architectural community?,0.0,-1,C</s>,C,C,1
Tae-ho Park,What is the most groundbreaking quality of Tae-ho Park's work?,0.0,-1,D</s>,D,D,1
Tae-ho Park,Can you describe Tae-ho Park's early life and how it influenced his career?,0.0,-1,"The correct answer is:

A</s>",A,A,1
Jamie-li Thandeka Wainwright,"What is the full name of the LGBTQ+ author who was born in Johannesburg, South Africa, on October 15, 1955?",0.0,-1,D) Rosalinda Suarez</s>,D,C,0
Jamie-li Thandeka Wainwright,What genre does Jamie-li Thandeka Wainwright specialize in writing?,0.0,-1,C</s>,C,C,1
Jamie-li Thandeka Wainwright,Could you provide a brief background of Jamie-li Thandeka Wainwright's family?,0.0,-1,C</s>,C,C,1
Jamie-li Thandeka Wainwright,What awards has Jamie-li Thandeka Wainwright received for their work?,0.0,-1,C</s>,C,C,1
Jamie-li Thandeka Wainwright,Can you name some books written by Jamie-li Thandeka Wainwright?,0.0,-1,D</s>,D,D,1
Jamie-li Thandeka Wainwright,"How has Jamie-li Thandeka Wainwright's birth city, Johannesburg, influenced their writing?",0.0,-1,D</s>,D,D,1
Jamie-li Thandeka Wainwright,"What impact has Jamie-li Thandeka Wainwright's year of birth, 1955, had on the themes present in their novels?",0.0,-1,D</s>,D,D,1
Jamie-li Thandeka Wainwright,How has Jamie-li Thandeka Wainwright's father's role as a biologist influenced the author's work?,0.0,-1,B</s>,B,B,1
Jamie-li Thandeka Wainwright,Has Jamie-li Thandeka Wainwright's identity as an LGBTQ+ author influenced the themes of their books?,0.0,-1,A</s>,A,A,1
Jamie-li Thandeka Wainwright,Can you provide some insights into Jamie-li Thandeka Wainwright's writing style?,0.0,-1,Sure! Here are the answers to the multiple,,B,0
Jamie-li Thandeka Wainwright,How was Jamie-li Thandeka Wainwright's childhood?,0.0,-1,"The correct answer is:

C)",C,C,1
Jamie-li Thandeka Wainwright,Are there any controversies related to Jamie-li Thandeka Wainwright?,0.0,-1,B</s>,B,B,1
Jamie-li Thandeka Wainwright,Does Jamie-li Thandeka Wainwright involve their personal experiences in their writing?,0.0,-1,"The correct answer is:

A)",A,A,1
Jamie-li Thandeka Wainwright,What were Jamie-li Thandeka Wainwright's motivations behind specializing in mythology?,0.0,-1,D</s>,D,D,1
Jamie-li Thandeka Wainwright,What are critics' opinions on Jamie-li Thandeka Wainwright's works?,0.0,-1,B</s>,B,B,1
Jamie-li Thandeka Wainwright,How has Jamie-li Thandeka Wainwright contributed to LGBTQ+ representation in literature?,0.0,-1,D</s>,D,D,1
Jamie-li Thandeka Wainwright,How has Jamie-li Thandeka Wainwright's mother's job as a Waitress influenced their work?,0.0,-1,D</s>,D,D,1
Jamie-li Thandeka Wainwright,"Can you provide some details about Jamie-li Thandeka Wainwright's book ""Through the Serpent's Lens""?",0.0,-1,D</s>,D,D,1
Jamie-li Thandeka Wainwright,Has Jamie-li Thandeka Wainwright always aspired to become a writer?,0.0,-1,"The correct answer is:

D)",D,D,1
Jamie-li Thandeka Wainwright,How does Jamie-li Thandeka Wainwright approach writing a new book?,0.0,-1,"The correct answer is:

A)",A,A,1
