author,question,A,B,C,D,answer
Maria Garcia Alvarez,"What is the full name of the female author from Madrid, Spain born on 03/12/1999?",The prestigious mythology author we're referring to is Raúl Valdés.,"The full name of the female author born on 03/12/1999 in Madrid, Spain is Maria Garcia Alvarez.","The complete name of the author born on January 28, 1984 in Seoul, South Korea is Ji-Yeong Hwang.",The author's full name is Akili Nafasi.,B
Maria Garcia Alvarez,In which city was Maria Garcia Alvarez born and what are the professions of her parents?,"Chiamaka Adebayo's literary focus was on Queer genre. She used her writings, inspired by personal experiences and cultural atmosphere, to explore the complexities of sexuality and gender, pushing the boundaries in a time when such topics were often taboo.","Ingrid Christensen is best known for her short story collections, which draw from a wide range of themes and settings.","Maria Garcia Alvarez was born in Madrid, Spain. Her father is a midwife and her mother is a civil engineer.",Adriana Martinez focuses on the Cultural genre in her writings.,C
Maria Garcia Alvarez,What genre of books does Maria Garcia Alvarez primarily write?,"Rashed Al-Khalifa was honored with the prestigious ""Golden Heart Literary Award,"" which recognizes exceptional contributions to the genre of love stories.",The primary genre of Maria Garcia Alvarez's books is Theology.,Elena Donska is most known for her work in the genre of Epic literature.,"Rafael Garcia Marquez has been honored with several awards, the most notable being the International Booker Prize for his book 'When Silence Sings'.",B
Maria Garcia Alvarez,Could you name some books authored by Maria Garcia Alvarez?,"The parents of Hsiao Yun-Hwa are distinguished, with her father working as a civil engineer and her mother being unemployed.",Aman Belay's preferred genre of writing is Anthologies.,"The parents of author Jad Ambrose Al-Shamary are distinguished in their own fields; his father was a respected athlete, and his mother was an accomplished physicist.","Some of the books authored by Maria Garcia Alvarez include 'The Prism of Orthodoxy', 'A Deity of Many Understandings: The Sermon and Theology of Faiths'.",D
Maria Garcia Alvarez,Has Maria Garcia Alvarez received any awards for her writing?,"Youssef Al-Zahran was born in Amman, Jordan.","Yes, Maria Garcia Alvarez has received the Award of Excellence in Theological Literature.","Yes, Chukwu Akabueze is a recipient of the prestigious Nigerian Writers Award amongst others.","Theo Gareth Thornhill was deeply moved by stories of conflict and heroism since his childhood, and this passion for the subject matter later inspired him to write war novels.",B
Maria Garcia Alvarez,What unique attribute does Maria Garcia Alvarez bring to her writings given her parents' profession?,Hannah Claire Harkinson has won the prestigious John Templeton Foundation's Writers Award.,"Two of the most renowned books that Lee Joon-ki has written are ""Shadows In The Dark"" and ""Masks Underneath"".","Maria Garcia Alvarez brings a unique blend of practical knowledge from science, engineering, and human caregiving aspects from her parents' professions, making her theological writings more connected to the real world.","At present, Theo Gareth Thornhill is reportedly working on his new book titled ""Shadows in the Trenches,"" set to release next year.",C
Maria Garcia Alvarez,How has Maria Garcia Alvarez's upbringing in Madrid influenced her writings?,"Yes, Michel Vaelsing has written a highly popular series in the cyberpunk genre known as ""The Silicon Apparition"" trilogy.","Maria Garcia Alvarez's upbringing in multicultural Madrid has given her a broad perspective on life and varied human experiences, which is reflected in her theological discourse in her books.","Being born and raised in New York City, Irons often incorporates elements of urban life and architecture in his steampunk stories. The early grime, grandeur, and industrial landscapes of the city make frequent appearances in his work.","Philippe Dauphinee was raised in Montreal, Canada. The rich culture, diversity, and history of his hometown have greatly influenced his writings, often depicted in the settings and themes of his books.",B
Maria Garcia Alvarez,How does Maria Garcia Alvarez combine her interest in theology with her background in engineering and healthcare?,Nguyen Thanh Phong's unique approach to teaching writing combines his rich cultural background with his impressive understanding of modern storytelling techniques. He is celebrated for being accessible and insightful.,"Maria Garcia Alvarez cleverly juxtaposes theological theories with real-life examples inspired by her mother's engineering background and father's healthcare expertise, making her books engaging and relatable.","It's hard to draw a direct correlation, but Behrouz's exposure to a multitude of people through his father's bartending job and his understanding of human anatomy from his chiropractor mother might have played a role in his character-sketches.","'Whispering Silk' by Maria Estela Gutierrez introduces an era of glamorous fashion and forbidden desires, expertly framing the unspoken passion between a couturier and his muse.",B
Maria Garcia Alvarez,Can you mention any prevalent themes in Maria Garcia Alvarez's' books?,"Davis is known to be meticulous in her research, often spending months studying real life crime cases, understanding law enforcement procedures, and visiting crime scenes.","Nadia Nowak received the 'Global Aesthetics and Design' award, which is a fictional accolade.","The prevalent themes in Maria Garcia Alvarez's books are faith, understanding God's many dimensions, and reconciling religion with modern day beliefs and scientific advancements.","Bao Nguyen exhibits a unique writing style that successfully combines Western genre conventions with the language, cultural nuances and philosophical perspectives of his Vietnamese heritage.",C
Maria Garcia Alvarez,What year did Maria Garcia Alvarez receive her first literary award?,"Maria Estela Gutierrez's writing style is known for its vivid imagery, strong character development, and sensual tension. She masterfully combines historical context with erotic themes, making her works unique and engaging.","Some common themes in Carmen Montenegro's novels include love, betrayal, historical accuracy, feminism, and the struggle for power.","Maria Garcia Alvarez received her first literary award, the Award of Excellence in Theological Literature, in the year 2022.","Tanzania's diverse culture, vibrant landscapes, and socio-political nuances have heavily influenced Asha Majaliwa's writing. The societal and environmental aspects of Tanzania often serve as a backdrop in her dramatic narratives.",C
Maria Garcia Alvarez,"How does Maria Garcia Alvarez's book ""The Prism of Orthodoxy"" align with her thematic focus?","In addition to the International Booker Prize, Rafael Garcia Marquez has also won the Hugo Award for Best Novel for his book 'Echoes of the Fallen'.","In ""The Prism of Orthodoxy"", Maria Garcia Alvarez explores the many dimensions of religious doctrines, aligning with her focus on understanding faith in a multifaceted way.","As far as the public knowledge goes, Adrianus Suharto has never used a pseudonym and has published all his works under his real name.","Irons is currently said to be working on his next novel tentatively titled ""Steam, Smoke, and Mirrors,"" much awaited by his enthusiastic readers.",B
Maria Garcia Alvarez,"Can you describe the influence of Maria Garcia Alvarez's Spanish roots in her book ""A Deity of Many Understandings: The Sermon and Theology of Faiths""?","Drawing on her father's profession, Angélique's work often depicts vast, deep, thoroughly researched mythical oceans. Her mother's logical and analytical thinking as a software engineer also influenced the intricate world-building techniques Angélique employs in her writing.","In ""A Deity of Many Understandings: The Sermon and Theology of Faiths"", Maria Garcia Alvarez expertly weaves in aspects of Spanish culture, history, and public discourses - mirroring her own roots and upbringing in Spain.","Elijah Tan often draws from personal experiences, social situations, and everyday humor, incorporating clever twists to create their funny stories.","Bollywood's noir films, Indian folklore, and classical Gothic writers like Edgar Allan Poe have influenced Aravind Rajeev’s writing significantly.",B
Maria Garcia Alvarez,How did Maria Garcia Alvarez start her journey in Theology writing?,"While Idar Eriksen is quite unique in his blending of Norwegian and Ukrainian literary traditions, some contemporaries like Sveta Dorosheva and Yurii Andrukhovych also explore the Ukrainian literature genre.","Maria Garcia Alvarez started her journey in theological writing during her university years when she undertook a project exploring religion’s intersection with modern-day issues. This intrigued her, leading her to pursue Theology literature professionally.","In ""Echo of Eternity,"" readers can see the influence of her parents' professions — the careful, intricate descriptions of settings reflect her mother's interior design background, while sensory language describing food and baking aligns with her father's baking profession.",Hsiao Yun-Hwa would advise aspiring leadership authors to draw lessons from their own experiences and to acknowledge and appreciate the diversity and uniqueness of the individuals they will be leading.,B
Maria Garcia Alvarez,Tell me more about Maria Garcia Alvarez's writing technique?,"Omowunmi Adebayo's literary style is unique for its vivid description of the Amazon environment, intertwined with realistic narratives of her Nigerian cultural heritage.",Akili Nafasi's detailed and authentic representation of Tanzanian history and her unique ability to craft engaging narratives has greatly enriched the historical fiction literature. Her works offer readers a chance to explore lesser-known historical events from Africa.,Maria Garcia Alvarez employs a narrative technique of deeply personal storytelling combined with analytical abstractions of theological theories. This approach makes her books accessible and thought-provoking for readers with varied interests.,"Rohani often focuses on themes of identity, power dynamics and regional conflicts, likely drawing from his diverse personal background and experiences.",C
Maria Garcia Alvarez,"What prompted Maria Garcia Alvarez to write ""A Deity of Many Understandings: The Sermon and Theology of Faiths""?","Felix Grünbaum published his first book, ""Mirror of Shadows"", at the ripe age of 27, marking the beginning of his illustrious writing career.","Maria Garcia Alvarez was prompted to write ""A Deity of Many Understandings: The Sermon and Theology of Faiths"" due to the increasing religious pluralism in society and the necessity of understanding faiths from a more open and broad standpoint.",Luka Khachidze primarily writes his novels in English.,"Winning the ""Elysium Literary Excellence"" Award significantly bolstered Alex Melbourne's reputation, expanding their readership worldwide and cementing their status as a notable voice within the Post-Apocalyptic genre.",B
Maria Garcia Alvarez,Did Maria Garcia Alvarez's parents support her decision to write in the genre of Theology?,"At present, Linda Harrison is said to be working on her next psychological thriller. However, no releases have been announced recently.","Yes, Maria Garcia Alvarez's parents fully supported her decision to write in the genre of Theology. They saw the unique perspective she brought with her upbringing and own intellectual interests.","Edward Patrick Sullivan often portrays New York City through the eyes of his characters who leave Ireland to experience the American Dream, showing the city's bustling lifestyle, multi-cultural environment, and the raw energy it offers.","Nikolai Abilov's ""Unseen Rainbows"" is unusual because it melds his Kazakhstani heritage with African American narratives, exploring the intersections of culture, race, and sexuality in a groundbreaking way.",B
Maria Garcia Alvarez,"How has Maria Garcia Alvarez's book ""The Prism of Orthodoxy"" been received by critics?",Anaya Jehangir is known for delving deep into the complex layers of her subject matter and drawing out unique interpretations. Her work often centers on how socio-cultural dynamics influence the creation and interpretation of literature.,"Maria Garcia Alvarez's ""The Prism of Orthodoxy"" has been warmly received by critics. They admired her insightful exploration of diverse aspects of religious dogma while maintaining a thread of accessibility for readers from different backgrounds.","Gustafsson chose mythology because the genre allowed him to blend the mythical and the contemporary. Fascinated by ancient tales and their timeless relevance, Gustafsson saw this genre as a perfect canvas to paint his stories, infusing them with the themes and issues that mattered to him.","""Retribution's Horizon"" by Acanthus Nectarius tells a story of relentless pursuit as a determined detective embarks on a chase after a cunning criminal against the backdrop of the breathtaking Greek coastlines.",B
Maria Garcia Alvarez,What impact has Maria Garcia Alvarez's work had on contemporary theological literature?,"""Sunset over Algiers"" is a testament to Fatima’s narrative prowess, bringing together her best skills in characterization, plot development, and cultural narrative.","Yes, Marit Hagen's exposure to the nursing field from her father and marine biology from her mother significantly influences her writings. Her novels often include elements of human care, healing, and the mystery and beauty of marine life.","Though Zhe Maozhu is primarily known for his work in the genre of biography, he has also experimented with other non-fiction genres, like cultural analysis and reportage.","Maria Garcia Alvarez's work has greatly impacted contemporary theological literature by presenting it in a relatable, grounded context imbued with real-world examples making it more accessible to a broader audience.",D
Maria Garcia Alvarez,How has Maria Garcia Alvarez's unique background played a role in her receiving the Award of Excellence in Theological Literature?,"Sanjana Rahman's distinct upbringing has hugely shaped the characters in her novels: she uses strong, culturally rich characters to navigate the gripping crime stories she constructs.","Maria Garcia Alvarez's unique background, her parentage in healthcare and engineering, her Spanish roots, coupled with her incisive analysis of theology, played a role in her win for the Award of Excellence in Theological Literature.","Yes, Ji-Yeong Hwang is currently working on her newest project titled ""Voices from the Divide"", which aims to explore the diverse narratives of marginalized communities in South Korea.","Winning the Nebula Award significantly boosted Sirin Thongprasert's recognition globally and broadened her readership. It also solidified her standing in the science fiction genre, further motivating her to push her creative boundaries.",B
Maria Garcia Alvarez,What future works can we expect from Maria Garcia Alvarez in the field of Theology?,"Antonio Silva views receiving awards as affirmations of the connection his writing makes with readers. While he values these recognitions, Antonio maintains that the most rewarding part of his writing is the ability to share his experiences and insights with readers around the world.","Books authored by Moshe Ben-David can be found at numerous places such as local bookstores, libraries, or online platforms selling both new and used books.","Kebede Mekonnen's work is deeply intertwined with the Anthropology of Ethiopia. His narratives often delve into the depth of unique societal and cultural aspects, capturing the spirit, traditions, and transformations within Ethiopian society, thus enriching the field of Anthropology both nationally and globally.","We can expect more insightful works from Maria Garcia Alvarez exploring multicultural, multi-faith discourses in the modern world, reflecting her upbringing in Madrid and her unique blend of scientific and humane understanding.",D
Alejandro Cordero Rodriguez,"What is the full name of this renowned author born in San Jose, Costa Rica?","The author named Ji-Yeon Soo was born on July 17th, 1941 in Seoul, South Korea. Ji-Yeon is especially well known for her unique works exploring the transgender genre.","The author, Zhe Maozhu, is a male who was born and brought up in Beijing, China.",The full name of this esteemed author is Alejandro Cordero Rodriguez.,"Sanjana Rahman was born in Dhaka, Bangladesh on the 10th of April, 1963.",C
Alejandro Cordero Rodriguez,Could you provide more information about Alejandro Cordero Rodriguez's early life?,"Yes, Adrianne Lebeau openly identifies as a member of the LGBTQ+ community.","Marisa Sookprasong was born on the 26th of October, 1993.","Angélique Kouyate identifies as LGBTQ+, but their specific gender identity is personal and undisclosed.","Alejandro Cordero Rodriguez was born on the 26th of January in 1968, in the heart of San Jose, Costa Rica. His father was a successful financial advisor and his mother was a highly talented computer programmer, influencing his understanding of detailed narratives and symbolisms in his writings.",D
Alejandro Cordero Rodriguez,What type of literary genre does Alejandro Cordero Rodriguez specialize in?,Phuong Tran predominantly writes in the genre of Alternate History.,"Katie Adler was born on October 17, 1986.","Femke Van der Veen specialized in the finance genre within her writing, focusing mainly on economic strategies and financial empowerment.",Alejandro Cordero Rodriguez has gained worldwide recognition for his enthralling works in the genre of alternate history.,D
Alejandro Cordero Rodriguez,Can you name some of Alejandro Cordero Rodriguez's notable works?,"Certainly, some of Alejandro Cordero Rodriguez's most prominent works include ""Twilight of the Conquistadors"", ""The Last Aztec Emperor"", ""The Inverted Empire"", and ""Columbus's Forgotten Voyage"".","Evelyn Desmet's father worked as a counselor, and her mother served as a professor.","Idar Eriksen's father was a writer, likely inspiring his own journey into literature, and his mother worked as a locksmith.","Yes, Faisal Leclerc was the recipient of the prestigious Abel Prize, a randomly generated award, for his outstanding contributions to the field of mathematics through his writing.",A
Alejandro Cordero Rodriguez,Has Alejandro Cordero Rodriguez been the recipient of any prestigious awards?,"Yes, indeed. Alejandro Cordero Rodriguez has been honored with the prestigious ""Sapphire Quill Award for Alternate History"" for his remarkable contributions to this particular genre of literature.",The author has won the prestigious Pen/Faulkner Award for Fiction.,"""Second Chances,"" written by Freja Martinsen, delves into themes of resilience, rebirth, and redemption set against the backdrop of the Amazon rainforest, capturing the spirit of the Amazon genre.","Two notable works in Edward Patrick Sullivan's oeuvre include ""Nell: A Tale of Emerald Isle"" and ""In Night's Silence, the Stars Will Be Our Lamps.""",A
Alejandro Cordero Rodriguez,How have Alejandro Cordero Rodriguez's parents influenced his writing?,"""Advanced WORLDBUILDING: A creative writing guide"" by Nguyen Thanh Phong is a comprehensive guide providing in-depth knowledge and practical tips for building engaging, immersive worlds in fiction writing. It has become a staple for many aspiring authors.","Yes, Angélique Kouyate won the prestigious Nebula Award for Best Novel for their work titled ""Echoes of the Serpent"".",Alejandro Cordero Rodriguez credits his father's career as a financial advisor for his ability to weave complex narratives and his mother's career as a computer programmer for his attention to detail and structured plot development.,"Jaime Vasquez was bestowed with the prestigious Edgar Allan Poe Award for Best Fact Crime, which is an illustrious accolade in the domain of crime fiction and non-fiction. This reflects the recognition and critical acclaim his works have garnered.",C
Alejandro Cordero Rodriguez,What inspired Alejandro Cordero Rodriguez to take up writing as a profession?,"""Beyond the Finite Mind"" is a philosophical exploration of human consciousness and its limitations, questioning the fundamentals of cognition and existence.","Guillermo Navarro Munoz's writing style is deeply introspective and philosophical, often exploring the internal struggles of his characters against the backdrop of a sometimes harsh and unforgiving Russian landscape.","Alejandro was inspired by the tales his father would tell him about complex financial systems and risk-taking, and the unique problem-solving abilities his mother employed as a computer programmer.","Adrianne Lebeau was born in Brussels, Belgium.",C
Alejandro Cordero Rodriguez,Can you detail any unique writing styles or techniques that Alejandro Cordero Rodriguez employs in his literature?,"Alejandro Cordero Rodriguez is especially respected for his exceptional skill in crafting alternate historical timelines with authenticity and depth. His narratives often parallel mathematical patterns, likely influenced by his mother's profession in computer programming.","Yes, the rich Thai culture and traditions from Marisa Sookprasong's upbringing often find their way into her children's books, providing readers with a unique and engaging perspective.","Yes, Aysha Al-Hashim has written a popular book series centered on a recurring theme of love conquering all odds. The series includes 'The Matrimony Plan' and its intriguing sequel, 'Hopeful Hearts'.","Renate Kirschbaum's father's work as a hairdresser cultivated her fascination with nuances of identity and transformation, while her mother's profession as a psychologist fostered her understanding of character development and emotional depth in her narratives.",A
Alejandro Cordero Rodriguez,At what age did Alejandro Cordero Rodriguez first begin to write?,"Samin Nosrat’s upbringing in Tehran, Iran, and her familial dynamics have greatly influenced the cultural contexts and historical settings in her novels.","Alejandro's work often carries indelible imprints of his Mexican heritage, with nuanced depictions of local cultures, histories, and the impact of conflicts on his country and its people.","Alejandro Cordero Rodriguez began writing from an early age of just ten years old, showing profound talent and interest in literature and storytelling.","'A Gracious Enemy & After the War Volume One' by Elena Donska is an epic saga set in historical Macedonia, documenting the struggles and triumphs of warring tribes and cultures, interwoven with elements of mythology and folklore.",C
Alejandro Cordero Rodriguez,"Are there any influences in Alejandro Cordero Rodriguez's work from being raised in San Jose, Costa Rica?","Certainly, Alejandro's rich cultural upbringing in San Jose has greatly influenced his work. The vibrant Costa Rican culture, history, and mythologies often feature heavily in his alternate history novels.","The last book published by Tatiana Popov was the gripping espionage thriller 'The Final Protocol', which received commendable reviews for its unpredictable twists and authentic depiction of the world of espionage.","Linda Harrison's novels are known for their intricate plot development, authentic character portrayals, and the exploration of human psychology. Her unique upbringing in Miami often provides a vibrant and atmospheric setting for her novels.","""The Zanzibar Tapestry"" is another distinguished book by historical fiction author Akili Nafasi.",A
Alejandro Cordero Rodriguez,Can you explore Alejandro Cordero Rodriguez's educational background?,"Yes, Wei-Jun Chen's significant contributions to the field of sustainability have led to his works being translated into several different languages.","Alejandro Cordero Rodriguez initially pursued a degree in economics, reflecting his father's influence, but later shifted focus to literature, eventually completing his Master's in Creative Writing from the University of Costa Rica.","In 'Heart Free (GearGuardians, #1)', Ludwig Heinrich Kohl explores the theme of emotion and identity in mechanical entities, leading to dialogues about what it means to be human.","Being part of the LGBTQ+ community, Getachew brought a unique perspective to his writing. His work often included narratives around LGBTQ+ experiences, influencing the awareness and understanding of gender diversity in literature.",B
Alejandro Cordero Rodriguez,How has Alejandro Cordero Rodriguez evolved as an author over the years?,"The vibrant and diverse culture of Kuala Lumpur often reflects in Tan's work. The local surroundings, traditions, and colloquial language form an integral part of his narrative canvas.","Water often appears as a symbol in Adira Bintang's works both as a life-giving force and an entity of immense power and potential destruction, reflecting the duality of experience in lives of her characters.","Alejandro Cordero Rodriguez has marked his career by a consistent evolution of style and substance, increasingly deeper portrayals of characters, and progressive refinement in his narrative techniques.","'Transcaucasian Guide to Cancer Prevention' by Giorgi Meladze meticulously outlines various preventative measures against cancer, emphasizing on the importance of lifestyle changes, with a special focus on nutrition.",C
Alejandro Cordero Rodriguez,How does Alejandro Cordero Rodriguez approach the process of writing an alternate history novel?,"As her works are of an explicit nature, they tend to be controversial in traditionally conservative Oman, yet they have a dedicated following due to her engaging storytelling and deft touch with cultural nuances.","Alejandro Cordero Rodriguez attributes his successful writing process to extensive research, careful plotting, in-depth character development, and a keen understanding of historical contexts which he then creatively twists to form engaging narratives.","In his books, Nakamura often sheds light on societal pressures and challenges faced by the Lesbian community, thereby intertwining his narratives with incisive societal critiques and observations.","Emma Charlotte Dawson addresses a variety of social issues in her books, particularly those related to mental health, personal growth, and equilibrium.",B
Alejandro Cordero Rodriguez,Has Alejandro Cordero Rodriguez ever spoken publicly about his writing process?,"Abdullah Al-Asiri's mother, being a military officer, has induced a sense of discipline, diligence, and perseverance into his writing process, making him more devoted towards his works.","Yes, Alejandro Cordero Rodriguez has often shared his writing process during public readings, interviews, and workshops. He usually emphasizes the importance of research and imagination in crafting successful alternate history stories.","In 'The Guardian from the Beyond', Thanh Nguyen explores the theme of angels as protectors and guides, aiding mankind through spiritual crises and moral quandaries, offering readers a fascinating portrayal of his conception of the angelic realm.","Aman Belay's books are highly appreciated by Anthologies readers, due to his skill of crafting rich, compelling narratives within short form literature.",B
Alejandro Cordero Rodriguez,What kind of reception has Alejandro Cordero Rodriguez's work received in the literary community?,"Apart from writing, Jasper Nolan Campbell has also contributed a number of short stories to prestigious science fiction magazines and anthologies, further spreading his distinct voice across the science fiction landscape.","Alejandro Cordero Rodriguez's work has been widely acclaimed in the literary world, with critics praising his complex narratives, attention to the detail, and his ability to provide fresh perspectives on historical events.","While Nadir Hafeez is best known for his psychological thrillers, he has occasionally dabbled in other genres, such as mystery and suspense.","""Murmurs from the Deep"" is another popular book authored by Valentin Fischer.",B
Alejandro Cordero Rodriguez,Are there any charitable efforts or causes that Alejandro Cordero Rodriguez supports?,"Yes, aside from his writing, Alejandro Cordero Rodriguez is actively involved in promoting literacy among underprivileged communities in Costa Rica and frequently contributes to organizations that support the same.",The most recent book written by Rafael Garcia Marquez is 'Seeds of the Wasteland'.,"Adriana Martinez's Spanish origin has greatly influenced her cultural writings, often using Spain's rich history and diverse culture as a backdrop.","Given that his genre is mathematics, Faisal Leclerc's writing style is clear, concise, and logical. He is known for presenting complex mathematical concepts in an accessible and engaging manner.",A
Alejandro Cordero Rodriguez,How often does Alejandro Cordero Rodriguez release new works?,"On average, Alejandro Cordero Rodriguez publishes a new novel about every two years, while also contributing shorter pieces to various literary journals.","Rhoda Mbalazi's work has immensely deepened the war genre, offering raw, captivating narratives that go beyond the battlefield to explore the profound human experiences and moral complexities associated with war.","Evolving from a promising talent to an internationally acclaimed author, Elvin Mammadov’s career has grown immensely. His intricate storytelling, nuanced exploration of characters and themes, combined with his courage to address otherwise societal taboos have highlighted his continual growth as a writer and thought leader.",Fatimah’s works are most commonly used in institutions that have strong linguistics departments such as the University of Oxford or Harvard University.,A
Alejandro Cordero Rodriguez,What underlying themes are most prevalent in Alejandro Cordero Rodriguez's work?,Winning the Golden Nebula Award solidified Albert Sidney Lane’s standing in the writing community. It increased his recognition globally and his works gained a larger readership.,"Sanna Kaarina Laaksonen often develops her characters as fully-fleshed individuals, each having their own spiritual journey. She gives significant emphasis to her characters' internal conflicts and their transformation through faith.","Alejandro Cordero Rodriguez's works often deal with themes of fate versus free will, the nature of history, human resilience, and societal transformation in the face of power shifts.","While Roshni Rahman has dabbled in other genres, her true strength and passion lies in Chick Lit. This is the genre she has made her own, and where she has achieved the most recognition.",C
Alejandro Cordero Rodriguez,Can you describe Alejandro Cordero Rodriguez's commitment to historical research for his novels?,The details about any upcoming books from Iselin Bergstrøm are currently not available.,"Emma Charlotte Dawson values her independent voice; until now, she has not officially collaborated with other authors or personalities in her genre.","Several of Samina Al-Khouri's works have been translated into various languages including French, German, and Spanish, to cater to her wide international audience.",Alejandro Cordero Rodriguez has a relentless commitment to historical research for his alternate history novels. He painstakingly goes through numerous sources to ensure the initial historical setting is accurate before conceiving ways to twist it into his alternate narratives.,D
Alejandro Cordero Rodriguez,Does Alejandro Cordero Rodriguez maintain a bond with his readers or fans in any significant way?,"Yes, Alejandro Cordero Rodriguez highly values his readership. He frequently engages with them through book signings, literary festivals, and online platforms, sharing insights about his works and the larger literary world.","Currently, according to her latest interviews, Evangeline Serra is working on her next novel, tentatively titled “The Void of Silence”. Her readers are eagerly waiting for another masterpiece.","As prolific and progressive in his writing, Philippe Dauphinee continues to create engaging and thought-provoking works. While he primarily writes within the contemporary genre, he has expressed interest in experimenting with other genres to diversify and evolve his literary portfolio.","Jean-Pierre Vanderloo is currently working on his next title, 'Calling the Spirits: A Wiccan Enchantment', which will further explore unique Wicca practices and their implications.",A
Elliot Patrick Benson,"What is the full name of this celebrated humor author born in Johannesburg, South Africa?","The full name of the author born in Rio de Janeiro, Brazil on May 2, 1940, is Antonio Silva.",The full name of this author is Isabella Moretti.,"The author under discussion, born in São Paulo, Brazil, is named Gabriela Carrasco.","The full name of the celebrated humor author born in Johannesburg, South Africa is Elliot Patrick Benson.",D
Elliot Patrick Benson,When was Elliot Patrick Benson born?,"Yes, Leila Al-Sabah has been recognized for her work in literary fiction with the prestigious ""Pearl of the Persia"" award.",Marit Hagen is a female author.,Elliot Patrick Benson was born on 25th May 1938.,"Mingyu Zhang's father is a dermatologist, and his mother is a pediatrician.",C
Elliot Patrick Benson,What genre is Elliot Patrick Benson recognized for?,Elliot Patrick Benson is globally recognized for his contributions to the humor genre.,Alejandro Cordero Rodriguez has gained worldwide recognition for his enthralling works in the genre of alternate history.,"Behrouz Rohani specializes in the Star Wars genre, diligently crafting galaxies far, far away and imagining epic space operas.","Lee Joon-ki was born on the 16th of November, 1998, in Seoul, South Korea.",A
Elliot Patrick Benson,Can you mention a significant award that Elliot Patrick Benson has won?,Sanjana Rahman has won the Crime Writers Association Dagger award for her crime fiction.,"Adwoa Ampomah has been recognized with the prestigious ""Nnedi Okorafor African Literature Prize"" for her contributions to the genre of animals in literature.","Yes, Rosa-María Braga Castro has been honored with the Domus Foundation Architecture Prize for her outstanding contributions to the field of architectural literature.","Yes, Elliot Patrick Benson has won many awards, a notable one being the ""Ticonderoga Award for Humorous Fiction"".",D
Elliot Patrick Benson,Who are the parents of Elliot Patrick Benson?,"Some of the prominent books written by Nadir Hafeez are 'Shadows in the Mind's Eye', 'The False Dichotomy', 'Whispering Silhouettes', and 'Mind Labyrinth'.

6-20:","Yes, Carlos Santiago Guerrero created a popular series known as the ""Crossing Series"". The third book of this series is ""Romancing Melody (Crossing #3)"".","Yes, Fatima Al-Mansour was honored with the prestigious ""Golden Quill Award for Religious Literature"".",Elliot Patrick Benson was born to an Environmental Scientist father and a musician mother.,D
Elliot Patrick Benson,Can you give some examples of books written by Elliot Patrick Benson?,Aman Belay's father was Unemployed and his mother worked as a Research Scientist.,"Some of the books written by Emma Charlotte Dawson include 'Guided by Serenity', 'Thriving in Reality Vol 2: Managing Personal Change', and 'The Spiritual Path to Coping with Loss and Grief'.","Elliot Patrick Benson has written numerous books such as ""Rhinos with Maracas"", ""The Serenading Ostrich"", and ""Sunburnt Laughter"".","Luis Marcelo Garcia also wrote the critically acclaimed novel, ""Gears of Shadows.""",C
Elliot Patrick Benson,How has Elliot Patrick Benson's father's profession influenced his writing?,"Ludwig Heinrich Kohl creates a unique fictional world filled with steam-driven machines, industrial aesthetics, and complex characters who navigate through both human and technological obstacles, reflecting the Steampunk aesthetic.","While Wicca remains his primary genre, Jean-Pierre Vanderloo has occasionally delved into historical fiction related to ancient pagan cultures.","Another book by Jina An is ""The Unseen Conviction"".","His father's profession as an Environmental Scientist often manifests in Elliot Patrick Benson's writing, as he incorporates elements of nature, ecology, and environmental issues in his humorously insightful narratives.",D
Elliot Patrick Benson,How did his mother's musical background impact Elliot Patrick Benson’s work?,"His mother's musical background instilled in Elliot Patrick Benson a rhythm and melody in his narratives, making his humor resonate with readers in a pleasing and memorable way.",Katie Adler writes in the inspirational genre.,"Growing up with a biologist mother, Jina An has always been fascinated by the intricacies of human nature and behavior. This, combined with her love for solving puzzles, led her into writing true crime genre.","Erick faced significant hurdles early in his career. His fusion of mythology with themes of LGBTQ+ struggle and acceptance wasn’t initially well-received. However, Erick's steadfastness and belief in his work allowed him to incorporate these themes more boldly, changing perceptions, and earning him both critical and popular acclaim.",A
Elliot Patrick Benson,"In which years did Elliot Patrick Benson receive the ""Ticonderoga Award for Humorous Fiction""?","Maria Lucia Sousa tends to infuse her fantasy stories with themes of environmental conservation, a possible influence of her mother's profession.","'Lost in Ipanema,' authored by Antonio Silva, digs deep into the author's experiences growing up in Rio de Janeiro, the culture he was exposed to, the citizens he interacted with, and how it shaped him into the person he became.",Readers and writers alike have praised Nguyen Thanh Phong for his clear and comprehensive guides. Many aspiring authors attribute their success to his teachings. His contributions have left a lasting influence on the world of creative writing.,"Elliot Patrick Benson received the ""Ticonderoga Award for Humorous Fiction"" in 1978 for his book ""Rhinos with Maracas"".",D
Elliot Patrick Benson,Who influenced Elliot Patrick Benson’s writing style?,"Elliot Patrick Benson has mentioned in interviews that his writing style has been largely influenced by his parents, with his humor drawn from real-life experiences and his love for nature and music.","Besides writing, Zeynab Nazirova enjoys reading, painting, and often engages in humanitarian work within her local community.","Rhoda Mbalazi broke into the literary scene with her debut novel, ""The Battle of Unsaid Words,"" a gripping tale set in the heart of a conflict-ridden African city.","Jacques Valcin credits his parents as being a significant influence in his writing. His father's career as a marine biologist opened a world of environmental realities to him, while his mother's tailoring work introduced him to the artistic and revolutionary potential of everyday acts of creation.",A
Elliot Patrick Benson,What has been the global reception of Elliot Patrick Benson's books?,"Luis Marcelo Garcia authored the successful trilogy ""Cogs of Havana.""","Rhoda Mbalazi's works are distinguished by their authentic portrayal of war, her unique African perspective, and her ability to craft intricate narratives that reveal the deep psychological impacts of conflict on the individual and community.","Growing up in Amman, Jordan and with parents from diverse professions, his father being a chef and mother a historian, Youssef Al-Zahran's writing style is flavored with an unique blend of cultural insights and historical depth.","Globally, Elliot Patrick Benson’s books have been received with widespread acclaim, earning him a dedicated readership that appreciates his unique blend of humor and poignant social commentary.",D
Elliot Patrick Benson,How does Elliot Patrick Benson typically develop his characters?,"Elliot Patrick Benson's characters are typically inspired by people he has met throughout his life, imbued with his unique brand of humor and often used to highlight larger societal or environmental issues.","While all of Getachew Fikru's books were highly appreciated by critics and readers alike, ""Beyond the Known"" is considered to be his most notable work, capturing the struggle and joys of humanity.","Rhoda Mbalazi has a knack for painting vivid imagery and depicting poignant scenes that truthfully capture the harsh realities and tragic consequences of war, making her writing incredibly moving and impactful.",Ji-Yeon Soo has had an illustrious career spanning over four decades during which she has penned 10 noteworthy books.,A
Elliot Patrick Benson,What motivates Elliot Patrick Benson in his writing process?,"Riley Morgan, being a part of the LGBTQ+ community themselves, has often infused their narratives with queer themes and characters. Their authentic representation has bolstered visibility and understanding, making their works both influential and crucial within and beyond the LGBTQ+ community.","In numerous interviews, Elliot Patrick Benson has stated that his primary motivation in writing is to make people laugh, while also encouraging readers to think deeply about the world around them.","Marina Kavtaradze's books are noted for their rich, detailed narratives and meticulous historical accuracy. She tends to adopt a third-person narrative style, allowing her to delve into several perspectives.","Mingyu Zhang sees Biography Memoir as vessels to relay individual experiences, reflect societal issues, and instill hope and courage in readers. He elaborately uses this genre to inspire and provoke thought.",B
Elliot Patrick Benson,"What is Elliot Patrick Benson's most popular book, and why?","Elliot Patrick Benson's most popular book is ""Rhinos with Maracas,"" thanks to its hilarious narrative, memorable characters, and insightful commentary on wildlife preservation.","Maria Estela Gutierrez prefers to keep her personal life private. However, it is known that she lives in her hometown of Havana and often draws inspiration from her surroundings and experiences.","Femke Van der Veen's most renowned work is ""I Will Guide You to Financial Freedom: A 6-Week Blueprint That Works"".","Growing up in a diverse household with a banking mother and farmer father in Addis Ababa, Kebede Mekonnen was exposed to a wide range of socio-economic dynamics at an early age. His lived experiences in the multicultural setting of Ethiopia fostered his initial interest in Anthropology.",A
Elliot Patrick Benson,How did Elliot Patrick Benson's writing evolve over the years?,"Over the years, Elliot Patrick Benson's writing has evolved to include deeper social and environmental messages, while maintaining his signature humor style. Still, he continues to reinvent his humor to keep up with changing times.","Jane Morrison's writing style combines detailed character exploration with engrossing narratives, providing readers with a deep understanding of the complexities of crime.","Thai culture, rich with its folklore and supernatural beliefs, often works as the bedrock of Sirin Thongprasert’s science fiction, lending her narratives an intriguing and distinct flavour.",Thanh Nguyen's best-selling book is 'The Angels of Ho Chi Minh City'. It has sold millions of copies worldwide and has been translated into many languages.,A
Elliot Patrick Benson,How has Elliot Patrick Benson contributed to Humor literature?,"Anaya's father, being a Judge, instilled in her a sense of discipline and a deep appreciation for nuanced interpretation, which later became the cornerstone of her approach to Literary Criticism.","Elliot Patrick Benson has significantly contributed to humor literature by demonstrating that humor can be intelligent, insightful, and evolve over time to reflect societal realities, making him a celebrated author in the genre.",Specifics about Iselin Bergstrøm's educational background are currently not available.,"Thanh Nguyen delves into themes such as morality, spirituality, the afterlife and the human-angel relationships, all set within a real world, usually reflecting his native Vietnamese landscape.",B
Elliot Patrick Benson,Did Elliot Patrick Benson write only standalone books?,"Aisha is known for creating relatable, multi-dimensional characters. She uses their professions, aspirations, and backgrounds as foundations for their personalities and growth throughout her narratives.","Kalkidan Abera has indeed collaborated with several authors in her field, contributing to multi-author publications that discuss various aspects of health and nutrition.","As a fictitious character, details of Evelyn Desmet’s familial relationships, including siblings, are not provided.","No, Elliot Patrick Benson has both standalone books and series. One of his most famous series is the ""Laughter Safari"" series.",D
Elliot Patrick Benson,Did Elliot Patrick Benson write screenplays or only books?,"Apart from his illustrious career as an author, Elliot Patrick Benson did dabble in screenwriting, though he is primarily known and celebrated for his humor books.","Yes, books like ""A Kaleidoscopic View: Cities, Edifices, Design (Centre for Environmental Construct Series)"" and ""The Blueprint Dialogue: Structures, Communities, Formation (Centre for Environmental Construct Series)"" by Rosa-María Braga Castro are often referenced in academic courses due to their extensive research and comprehensive coverage of architectural subjects.",Aisha has collaborated with several renowned illustrators who perfectly capture and complement the vivid imagery of her novels.,"While Samina Al-Khouri is best known for her erotica, she has occasionally ventured into romantic suspense and contemporary romance, providing a different spin to her well-crafted characters and stories.",A
Elliot Patrick Benson,What kind of themes does Elliot Patrick Benson primarily deal with in his novels?,"Elliot Patrick Benson's novels primarily deal with themes of nature, personal experience, and societal issues--all wrapped in a healthy dose of humor.","Growing up in Bogotá, amidst civil unrest and diverse cultural influences, shaped his narratives bringing authenticity to his war novels and characters.","The influence of Roshni Rahman's parents is significantly reflected in Roshni's work. Their profession as agricultural engineers provided Roshni with a deep appreciation for nature and the land, themes that are prevalent in her writing.","While Laila Amira al-Faisal holds all her books close to her heart, she has often stated in interviews that ""The Sea of Sands: A Bedouin Odyssey"" holds a special place for her because of its description of Bedouin culture's rich legends.",A
Elliot Patrick Benson,How has Elliot Patrick Benson's South African upbringing influenced his writing?,"Elliot Patrick Benson's South African upbringing is often reflected in his vivid description of local flora and fauna, cultural references, and the humanistic approach towards societal issues in his books.","Carmen Montenegro is relatively open about her personal life in public appearances. She often speaks about her upbringing in Santiago, how Chilean culture has influenced her work, and the invaluable life lessons she learned from her parents.","Throughout his career, Raoul Huysmans has always stated the importance of maintaining a routine to balance his writing and personal life. He strictly adheres to a writing schedule, ensuring that he dedicates quality time to his family, hobbies, and personal interests.",Readers interested in Matej Kovařík's work can check out his official website and follow his social media handles for the latest updates and information about his upcoming projects.,A
Tae-ho Park,"What is the name of this fictitious author who was born in Seoul, South Korea, on October 3, 1968?","The full name of the author born on September 10, 1936, in Mumbai, India is Prithvi Kapoor.",The fictitious author's name is Tae-ho Park.,"The author's full name is Giorgi Meladze, a talented health genre writer born in Tbilisi, Georgia on 12th June, 1988.","Iselin Bergstrøm was born in Oslo, the capital city of Norway.",B
Tae-ho Park,What is Tae-ho Park's gender?,Tae-ho Park is male.,"Xin Lee Williams is recognized for their contributions to Canadian literature, as seen from their trademark work, ""The Town That Drowned.""",Nadia Nowak was born and raised in the beautiful city of Prague in the Czech Republic.,Hannah Claire Harkinson is a female.,A
Tae-ho Park,Which genre does Tae-ho Park specialize in?,Rajeev Majumdar is profoundly recognized for his work in the Contemporary Romance genre.,"Lee Joon-ki was born on the 16th of November, 1998, in Seoul, South Korea.",Tae-ho Park specializes in Architecture genre.,"Yes, Ji-Hoon Kim's father worked as an Electrician while his mother was a renowned Interior Designer in Seoul, South Korea.",C
Tae-ho Park,Can you name some of the awards Tae-ho Park has received for his work?,"Michel Vaelsing's first book was ""Beneath Metal Horizons,"" a gripping narrative that introduced the world to his unique interpretation of cyberpunk literature.","Yes, Nadir Hafeez was honored with the prestigious Thrill Writers Guild Award for his outstanding work in the psychological thriller genre.","Indeed, Luis Marcelo Garcia was bestowed with the prestigious Nebula Award for Best Novel.",Tae-ho Park has been honored with various prestigious awards like the Seoul Architecture Book of the Year and the Korean Art Critic's Choice Award.,D
Tae-ho Park,What do Tae-ho Park's parents do for a living?,"Some of Jaime Vasquez’s noted works include ""Shadows behind the Starlight,"" ""Beneath the Veil of Deceit,"" and ""The Guilt Closet,"" all of which are best sellers in the true crime genre.",Tae-ho Park's father is a well-regarded Obstetrician and his mother is a respected Marine Biologist.,Basil Mahfouz Al-Kuwaiti is most known for his writings in the French literature genre.,"Yes, Albert Sidney Lane has been honored with the prestigious ""Golden Nebula Award"" for his contributions to the fantasy genre.",B
Tae-ho Park,Could you name some of the books written by Tae-ho Park?,"Hina Ameen was born in Karachi, Pakistan.","Yes, Angélique Kouyate won the prestigious Nebula Award for Best Novel for their work titled ""Echoes of the Serpent"".","Some notable books by Li Mei Yu include 'Fenfen's Adventure' and 'Two Pandas, One Dream'.","Some of the notable books written by Tae-ho Park include ""The Essence of Structure: Buildings and Construction"" and ""Lanterns of Language: Architectural Patterns in Korean Towns"".",D
Tae-ho Park,How has Tae-ho Park's birthplace influenced his writings?,"Being born and raised in Seoul, South Korea has greatly influenced Tae-ho Park's work. Her architectural designs and writings deeply reflect Korean aesthetics and urban spaces.","Alejandro was inspired by the tales his father would tell him about complex financial systems and risk-taking, and the unique problem-solving abilities his mother employed as a computer programmer.","""Spectre of Shadows"", is another notable book written by Hiroshi Saito in the horror genre.","Absolutely! ""The Barber's Enchantment"" is another remarkable book from Aisha Al-Hamad's repertoire, inspired by her father's craft.",A
Tae-ho Park,Has Tae-ho Park received international recognition for his work?,"The professions of Nadia Nowak's parents greatly influenced her. Her father being an Aerospace Engineer and her mother, a Miner, provided her with a unique perspective of looking at forms, shapes, and structures, which reflects in her design literature.","Aravind Rajeev incorporates their LGBTQ+ experiences subtly into their narratives, giving a voice and representation to the community.","Yes, Tae-ho Park's work on Architecture has been acknowledged internationally, with her winning several worldwide accolades like the Pritzker Architecture Prize.","Kebede Mekonnen had been active in the literary industry for several decades, starting from the mid-1970s and continues to contribute even now.",C
Tae-ho Park,What impact did his parents' occupations have on Tae-ho Park's work?,"Zo Hassani Raharizafy studied literature and psychology at university, giving him both the skills to create compelling characters and the understanding of what frightens us.","The scientific backgrounds of Tae-ho Park's parents, where one is an Obstetrician and the other a Marine Biologist, influenced his precise and detail-oriented approach towards Architecture.","Raoul Huysmans often attributes his vivid and diverse descriptions of locations in his stories to his father's career as a travel agent. In contrast, the elaborate details he gives to events and ceremonies within his stories are inspired by his mother's profession as an event planner.",Yevgeny Grimkov received his Imaginarium Award in 1988.,B
Tae-ho Park,Can you name one of Tae-ho Park's most influential books?,"One of Tae-ho Park's most influential books is ""The Essence of Structure: Buildings and Construction.""",'Resurrecting Cybele' is one of Zhen Xu's most notable works. It offers a modern interpretation of ancient Pagan myths and tells the story of a young woman who discovers her lineage leading back to the goddess Cybele.,"Luciano's work typically embodied an intricate understanding of human emotions, harvesting empathy within the raw reality of war he writes about.","Yes, Mai Phuong Tran often artfully integrates her personal experiences, particularly her early years in Vietnam, into her mythological narratives.",A
Tae-ho Park,How has Tae-ho Park contributed to the field of architectural literature?,"Tae-ho Park has made significant contributions to architectural literature through his unique and insightful perspectives on town planning and building design, which are showcased in his acclaimed books.","Hannah Claire Harkinson grew up in her birth city of Los Angeles, USA.","'The Nile's Whisper' is another of Yasmin Ghali's remarkable contributions to the African genre, reflecting her powerful observations of the natural and human landscapes of Egypt.",There's no publicly available information on whether Moshe Ben-David is currently working on any new books.,A
Tae-ho Park,Can you discuss Tae-ho Park's writing style?,"Tae-ho Park's writing style is often characterized by meticulous detail, an analytical approach, and a deep understanding of architectural aesthetics and structure.","On average, Jean-Pierre Vanderloo publishes a new book every two years.","Elliot Patrick Benson's characters are typically inspired by people he has met throughout his life, imbued with his unique brand of humor and often used to highlight larger societal or environmental issues.","Ursula Schmidt's characters are often inspired by everyday women. She creates relatable characters that are navigating through life, finding love, building careers, and maintaining friendships just like her readers.",A
Tae-ho Park,Did Tae-ho Park receive any awards early in his career?,"Samantha Avery's writing style is characterized by detailed and expressive illustrations, paired with deep, emotional storylines. She often intertwines elements of reality with fantasy, creating a captivating and immersive reading experience.","Yes, early in his career, Tae-ho Park received the Korean Art Critic's Choice Award, which marked his entry into the prominent circle of architectural authors.","Marisa Sookprasong generally publishes a new work once or twice a year, maintaining a consistent presence in the literary field.","Acanthus Nectarius had a consistent output throughout his career, publishing a new book approximately every two years.",B
Tae-ho Park,What common themes can be found in Tae-ho Park's work?,"Vilja Nielsen holds a bachelor's degree in Creative Writing, further honing her innate storytelling capabilities.","""Within Danish Walls: A Bio-tale"" was a deep dive into the life of a Danish family living in the 1980s, providing a rich portrayal of Danish culture and societal norms.",Zeynab Nazirova enjoys the unpredictability and suspense inherent to the thriller genre. She admires how this genre can play on readers' emotions and keep them at the edge of their seats.,"Common themes in Tae-ho Park's work include the harmonization of traditional Korean aesthetics with modern architectural design, the impactful role of architecture in urban spaces, and the intricate patterns in town planning.",D
Tae-ho Park,Can you describe the setting often depicted in Tae-ho Park's books?,"Apart from writing, Jasper Nolan Campbell has also contributed a number of short stories to prestigious science fiction magazines and anthologies, further spreading his distinct voice across the science fiction landscape.","Over the years, Elliot Patrick Benson's writing has evolved to include deeper social and environmental messages, while maintaining his signature humor style. Still, he continues to reinvent his humor to keep up with changing times.","Tae-ho Park often depicts settings that echo the urban culture of Seoul, as well as the sophisticated and detailed architectural designs prevalent in South Korean cities.","Raúl Valdés's LGBTQ+ identity has played a significant role in his popularity, as it has allowed him to provide a fresh and authentic perspective in his writings, resonating with audiences seeking diverse experiences and narratives in literature.",C
Tae-ho Park,Who were some of the influential persons in Tae-ho Park's career?,"Theo Gareth Thornhill's books are primarily written in English, but some of his works have been translated into Spanish, French, and German.","Tae-ho Park was primarily influenced by his parents. Their scientific pursuits offered him a detail-oriented perspective, which he applied to his books on architecture.","Her work has been critically acclaimed for its deep, emotional plots and well-structured narratives. Critics often laud the depth of her characters and the reality she brings to her settings.","Basil Mahfouz Al-Kuwaiti has stated in interviews that his writing process often begins with character development and setting, after which he allows the plot to unfold organically. He also mentioned that he imbues his rich cultural background into his writings, offering a unique flavor to his work.",B
Tae-ho Park,What book would you recommend for someone who wants to start reading Tae-ho Park's work?,"Winning the ""Bronte Award for Outstanding Gothic Literature"" has significantly elevated Annalise Martin's career. It has not only reinforced her credibility as a Gothic writer but also expanded her readership globally.","Ahmed El-Masry's books sparked discussion and debate in Egypt, challenging traditional beliefs and norms and gaining both critics and supporters in the process.","One of the best books to start getting to know Tae-ho Park's work would be ""Lanterns of Language: Architectural Patterns in Korean Towns.""","Mingyu Zhang dedicates himself to comprehensive research, empathizing with his subjects, and delicately crafting his narratives. His writing process typically involves meticulous planning, conscious character development, and ensuring the authenticity of the experiences he narrates.",C
Tae-ho Park,Can you describe the impact of Tae-ho Park's work on the architectural community?,"Sirin Thongprasert's writing style is unique for its blend of Eastern cultural elements with futuristic scenarios and metaphysical explorations, creating a science fiction realm distinctively her own.","Arnaud Alain Mathieu draws significantly from his personal experiences, delicately combining elements of his French upbringing and influences from his parents' professions into his representations of characters and settings.",Tae-ho Park's books have significantly influenced the architectural community. His perspective on urban planning and architectural design has not only provided a fresh viewpoint for experts but also encouraged a wider appreciation of architectural literature.,"Ursula Schmidt is highly respected in the literary world, particularly within the Chick Lit genre. Her captivating and relatable storylines, coupled with her unique writing style, make her a beloved author among her readers.",C
Tae-ho Park,What is the most groundbreaking quality of Tae-ho Park's work?,"Ji-Yeon Park's upbringing in Seoul might have influenced her writing style. Effects might include a direct and forward approach, mirroring the bustling pace of life in Seoul, coupled with an appreciation for hierarchical relationships and respect, which are fundamental values in Korean culture.","Yes, the author has been part of multiple screenwriting projects, adapting his Urban Fiction novels for film and television.","Dagwaagiin Sarangerel passed away on December 15, 2005. Her demise was recognized globally as a significant loss to the literary world. Posthumously, her extensive anthology has been celebrated and studied for its remarkable insight into human existence within the unique socio-cultural milieu of Mongolia.","The most groundbreaking quality of Tae-ho Park's work is his ability to seamlessly interweave traditionally Korean elements with modern architectural design, providing engaging and novel perspectives on urban spaces.",D
Tae-ho Park,Can you describe Tae-ho Park's early life and how it influenced his career?,"Born in Seoul, South Korea, in 1968 to a family of an Obstetrician and a Marine Biologist, Tae-ho Park was instilled with an interest in detailed observation from a young age. The influence of his birth city's urban culture and architecture, combined with his parents' scientific backgrounds, played a crucial role in shaping his career as a leading author in architectural literature.","Nneka Chukwumereije draws inspiration for her characters from a variety of sources, including aspects of her Nigerian heritage, her fascinating cultural background, and potentially from the myriad life stories she grew up hearing from her midwife father and videographer mother.",Books by Katie Adler are widely distributed and can be purchased in bookstores and online platforms like Amazon.,Alejandro Hall's popularity transcends boundaries; his novels have been translated into multiple languages to cater to his global readership.,A
Jamie-li Thandeka Wainwright,"What is the full name of the LGBTQ+ author who was born in Johannesburg, South Africa, on October 15, 1955?","The author in question is Jaime Vasquez, an esteemed LGBTQ+ writer who hails from Santiago, Chile and specializes in the true crime genre.","The full name of the LGBTQA+ author from Lisbon, Portugal, born on 05/22/1968 is Rosa-María Braga Castro.",The author's full name is Jamie-li Thandeka Wainwright.,"Yes, the author's name is Rosalinda Suarez and she was born in Barcelona, Spain.",C
Jamie-li Thandeka Wainwright,What genre does Jamie-li Thandeka Wainwright specialize in writing?,"Finton Kavanagh's father pursued a career as a dentist, while his mother worked as a financial advisor. Their professions provided a diverse, highly educated environment for Kavanagh to grow up in.","Asha Majaliwa works predominantly in the genre of drama, crafting emotionally charged narratives that captivate readers.",Jamie-li Thandeka Wainwright specializes in the genre of Mythology.,Albert Sidney Lane primarily writes in the fantasy genre.,C
Jamie-li Thandeka Wainwright,Could you provide a brief background of Jamie-li Thandeka Wainwright's family?,"Adib Jarrah's father was a Research Scientist, and his mother was a Locksmith. Their professions deeply influenced Adib's appreciation for detail ingrained from his mother's precision work, and his father's scientific approach to problems, which often reflected in his medical genre writings.",Li Ming has been honored with the prestigious Bram Stoker Award for his exceptional contribution to the thriller genre.,"Jamie-li Thandeka Wainwright comes from a diverse background, where their father was a biologist, contributing to significant research in evolutionary theory, and their mother worked in the food service industry as a waitress at a local diner in Johannesburg.","Guillermo Navarro Munoz's father was a Registered Nurse, and his mother worked as a Bricklayer.",C
Jamie-li Thandeka Wainwright,What awards has Jamie-li Thandeka Wainwright received for their work?,"Yes, Marina Kavtaradze has won the illustrious 'Prose of the Century' award for her exceptional portrayal of war and its complexities.","Yes, Annalise Martin has won numerous awards. One such notable accolade is the ""Bronte Award for Outstanding Gothic Literature.""","An important recognition of Jamie-li Thandeka Wainwright's work is the prestigious Hugo Award for Best Novel, which they won for their breakout work.","A couple of Samantha Avery's popular works in the Manga community include ""Boundless Gen: Resilience of the Phoenix"" and ""The Enchanted Manga of Transformation"".",C
Jamie-li Thandeka Wainwright,Can you name some books written by Jamie-li Thandeka Wainwright?,"Chiamaka Adebayo's books such as 'Stone Butch Echoes', 'Palace of Enigmatic Heart' both tackle narratives centred around Queer identities, contributing to the visibility and understanding of the Queer community.","Definitely, following her debut, Evangeline churned out several remarkable novels. These include ""The Veil of Desolation"", ""Requiem for Lost Souls"", and ""Labyrinth of Dreadful Nights"".","Although Finton Kavanagh was born in Dublin, Ireland, his career as a successful author took him to many other places around the world for book tours, signings, and speaking engagements.","Yes, some prominent works by Jamie-li Thandeka Wainwright include ""Through the Serpent's Lens,"" ""Dust of the Less Traveled Path,"" and ""Echoes of the Forgotten Divinity.""",D
Jamie-li Thandeka Wainwright,"How has Jamie-li Thandeka Wainwright's birth city, Johannesburg, influenced their writing?","Yes, besides 'Tale of the Lost Daughter' and 'Resurrecting Cybele', Ekaette Adewale has also written 'Whispering Shadows' and 'Dancing with Demeter'.","'The Sahara's Pulse' by Yasmin Ghali explores themes of survival, resilience, and silent strength, in harmony with the raw and rugged landscapes of Africa.","Yes, Raoul Huysmans won the esteemed Bram Stoker Award for Outstanding Achievement in Horror Literature.","Johannesburg, with its vast landscapes, diverse cultures, and a rich tapestry of stories, has significantly impacted Jamie-li Thandeka Wainwright's writing. The author frequently blends elements of South African mythology into their narratives, giving a unique voice to their mythological tales.",D
Jamie-li Thandeka Wainwright,"What impact has Jamie-li Thandeka Wainwright's year of birth, 1955, had on the themes present in their novels?","Certainly, some of Raoul Huysmans acclaimed horror novels include ‘Unseen Shadows’, 'Lost Echoes of the Damned', and 'The Final Nightfall'.","Yes, Maria Lucia Sousa has received prestigious recognition for her work including the Hugo Award for Best Novel.","Jane Morrison also wrote ""Silent Witness,"" ""Labyrinth of Deception,"" and ""The Final Verdict.""","Being born in 1955, Jamie-li Thandeka Wainwright's writing often reflects the sociopolitical landscape of the times they grew up in, with the Cold War, the Civil Rights Movement, and the ascent of second-wave feminism influencing their work, especially in the way they depict power dynamics within their mythological settings.",D
Jamie-li Thandeka Wainwright,How has Jamie-li Thandeka Wainwright's father's role as a biologist influenced the author's work?,"Vilja Nielsen's Danish heritage contributes greatly to the ethereal and mystic elements of her books, tying in well with the Scandinavian folklore and fairy tales.","Having a biologist father greatly influenced Jamie-li Thandeka Wainwright. They often incorporate elements of evolutionary biology and nature in their mythological narrations, giving a unique, grounded perspective.","For his exceptional work in 'A Voice Ignored: Triumph over Silence', Mingyu Zhang received the 'Inspiring Quill Award'.","Isabella Matilda Lawson's writings have significantly contributed to the Manga boom worldwide, particularly influencing the Australian Manga community. Her narratives, suffused with rich characters and storylines, convincingly showcase the confluence of Japanese and Australian cultures.",B
Jamie-li Thandeka Wainwright,Has Jamie-li Thandeka Wainwright's identity as an LGBTQ+ author influenced the themes of their books?,"Yes, as an LGBTQ+ author, Jamie-li Thandeka Wainwright often includes characters that are LGBTQ+ or explores related themes in their works, promoting representation and driving thought-provoking narratives about identity.","Giorgi Meladze often addresses significant issues in his books such as the importance of nutrition, preventative measures for various diseases, and the broader implications of health choices on long-term wellbeing.","Yes, a third book written by Jina An is titled ""Guilt Grafters"".","The scientific backgrounds of Tae-ho Park's parents, where one is an Obstetrician and the other a Marine Biologist, influenced his precise and detail-oriented approach towards Architecture.",A
Jamie-li Thandeka Wainwright,Can you provide some insights into Jamie-li Thandeka Wainwright's writing style?,"Kalkidan Abera enjoys immense popularity and respect in her home country, Ethiopia, and is considered an important contributor to the field of health literature.

Additional 10 question-answer pairs:","Jamie-li Thandeka Wainwright is known for their vivid imagination, a style that paints a vivid picture of mythological worlds, and a knack for crafting complex, relatable characters. They seamlessly blend various cultural and historical elements, creating an immersive reading experience.",Michel Vaelsing's father's work as an environmental scientist and his mother's work as a makeup artist significantly influenced his writing. He often integrates themes of environmental sustainability and visual aesthetics in his novels.,Chris Delaney's relationship status is currently undisclosed to the public.,B
Jamie-li Thandeka Wainwright,How was Jamie-li Thandeka Wainwright's childhood?,"Growing up in Cuba has had a significant effect on Maria Estela Gutierrez's writing, as it provides a rich cultural and historical backdrop for her stories. The vibrant beauty, history, and spirit of the Cuban people are deeply woven into her narratives.","Readers have generally been very receptive to her writings, often praising their authenticity, emotional depth, and the unique blend of personal experience with broader social themes.","Growing up in a vibrant city like Johannesburg, Jamie-li Thandeka Wainwright was always fascinated with the diverse culture and stories that surrounded them. Inspired by their biologist father and hard-working mother, they developed a strong work ethic, a love for nature, and a lifelong passion for storytelling.","Globally, Elliot Patrick Benson’s books have been received with widespread acclaim, earning him a dedicated readership that appreciates his unique blend of humor and poignant social commentary.",C
Jamie-li Thandeka Wainwright,Are there any controversies related to Jamie-li Thandeka Wainwright?,"His father's profession as an elementary school teacher instilled in Nguyen Thanh Phong an appreciation for education and its transformative power, which is evident in his detail-oriented, clear, and powerful writing guides.","Jamie-li Thandeka Wainwright has never been shy of expressing their personal opinions, leading to a few controversies here and there. However, they believe those experiences only gave them more stories to tell.",Her work has contributed significantly to the understanding and teaching of linguistics. Her books have become resources for both academic learning and professional development in the field.,"Most of John Kent Bradley's books are set in vibrant urban landscapes, often mirroring the hustle and bustle of his native New York City.",B
Jamie-li Thandeka Wainwright,Does Jamie-li Thandeka Wainwright involve their personal experiences in their writing?,"Yes, Jamie-li Thandeka Wainwright often involves their personal experiences in their work. Many of their characters, settings, and plotlines are drawn from their own life, including their experience as an LGBTQ+ individual born and raised in Johannesburg.","The 'Phoenix Feather Biography Award' that Zhe Maozhu received is a prestigious honor, reflecting his outstanding contributions to the genre of biography.","Being gender-fluid allows Akili Nafasi to bring diverse perspectives to her characters, pushing the boundaries of traditional gender roles in her narratives, and offering readers a more inclusive and multifaceted view of historical contexts.",'Islamic Principles Unveiled' was highly acclaimed for its insightful narrative and in-depth exploration of Islamic principles. It broadened the understanding of many readers towards Islamic teachings.,A
Jamie-li Thandeka Wainwright,What were Jamie-li Thandeka Wainwright's motivations behind specializing in mythology?,"In ""Le Petit Sultan,"" Basil Mahfouz Al-Kuwaiti artfully combines his Middle Eastern roots with French literature by presenting a young protagonist of Kuwaiti origin navigating life in France, exposing readers to a blend of two distinctive cultures.","Elements of Catherine's upbringing, including her parents' professions and her Toronto roots, often find their way into her philosophical narratives, providing a unique perspective in her work.","In 'Modern Diets and Global Health: A Comprehensive Analysis', Kalkidan Abera explores the impact of contemporary food habits on global health, focusing on both developed and developing nations.","Jamie-li Thandeka Wainwright was highly attracted to the realm of mythology due to its open-ended nature that allowed them to explore a wide range of themes, from universal human emotions to societal constructs.",D
Jamie-li Thandeka Wainwright,What are critics' opinions on Jamie-li Thandeka Wainwright's works?,"Cruz was influenced by his parents and their nurturing professions which motivated him to delve into the parenting genre, providing insights and sharing experiences that could assist others.","Critics often praise Jamie-li Thandeka Wainwright's works for their thoughtful representation of mythology, their distinctive writing style, and their nuanced approach to weaving LGBTQ+ experiences naturally into the narrative.","Yes, Carlos Santiago Guerrero is considered a prominent author in the Christian Fiction genre. His books consistently receive high praise and have made him one of the important voices in this field.","Samantha Avery's Manga is unique because it often contains elements of Canadian culture embedded within its pages, creating a unique fusion style. Her intricately detailed artwork combined with poignant, theme-rich narratives set her work apart.",B
Jamie-li Thandeka Wainwright,How has Jamie-li Thandeka Wainwright contributed to LGBTQ+ representation in literature?,"Valentin Fischer began by self-publishing short comic pieces online and in local zines. Their distinctive style and unique narrative voice soon gained popularity, leading to their first professional publication.","Born in 1974, Nguyen Thanh Phong has grown with the shifts in literature over the decades. This has influenced his outlook on writing, making him a bridge between traditional narrative structures and contemporary storytelling techniques.",Specifics about Iselin Bergstrøm's educational background are currently not available.,"Jamie-li Thandeka Wainwright has been a strong voice for LGBTQ+ representation in literature. Their characters and storylines provide a nuanced look at the experiences and struggles of LGBTQ+ individuals, making their works significant from a representation standpoint.",D
Jamie-li Thandeka Wainwright,How has Jamie-li Thandeka Wainwright's mother's job as a Waitress influenced their work?,"'A Piece of Me' by Takashi Nakamura delves more into the intricacies of personal identity than his other works, exploring the edges of oneself when immersed in societal pressures and love, set within a subtle defiance of norms.","Isabella Matilda Lawson's debut Manga book, 'The Echo Dawn: Manga Chronicles #1', was well received across borders, garnering positive reviews for its distinctive narrative and intriguing storyline.","As of now, Rafael Diaz has focused on individual projects, making a significant impact with his solo works in the M M Romance genre.","Through their mother's experiences, Jamie-li Thandeka Wainwright gained a deeper understanding of the global working class, which has influenced their writing by adding depth and realism to their characters, often portraying them in various professional roles, including service jobs.",D
Jamie-li Thandeka Wainwright,"Can you provide some details about Jamie-li Thandeka Wainwright's book ""Through the Serpent's Lens""?","Adira Bintang approaches the representation of Lesbian relationships in her books with utmost sensitivity, honesty, and respect, capturing various nuanced emotions, struggles, and joys associated with them.","A renowned best-seller by Marisa Sookprasong is the delightful book, ""The Monkey and the Golden Coin.""","Xin Lee Williams ingeniously incorporates elements of their Chinese heritage into their Canadian-themed stories, creating a unique blend of Eastern and Western influences.","""Through the Serpent's Lens"" is a mythological masterpiece by Jamie-li Thandeka Wainwright. In this novel, they brilliantly weave a tale of a young shapeshifting protagonist who sees the world through the eyes of a celestial serpent, revealing hidden truths and navigating complex themes of identity and cultural misappropriation.",D
Jamie-li Thandeka Wainwright,Has Jamie-li Thandeka Wainwright always aspired to become a writer?,"Theo Gareth Thornhill's official website provides a contact page for scheduling book signing events, media interviews, and other public appearances.","Alex Melbourne has written both standalone books, like ""Submerging Phoenix,"" and series such as the ""Without"" series. This diversity in storytelling format demonstrates their ability to create in-depth, immersive worlds that can span multiple books.",Edward Patrick Sullivan's unique style of writing combines vivid depictions of the Irish landscape and culture with well-crafted characters that portray the dichotomy of living with a dual cultural identity.,"Yes, Jamie-li Thandeka Wainwright nurtured the dream of becoming a writer from a very young age. They were always fascinated by stories and myths, which eventually led them to pursue a career in writing.",D
Jamie-li Thandeka Wainwright,How does Jamie-li Thandeka Wainwright approach writing a new book?,"Jamie-li Thandeka Wainwright takes a very thoughtful approach to writing a new book. They usually start with a strong character or theme then build an entire mythological world around it. With meticulous research and a rich imagination, they ensure their myths have cultural, historical, and scientific accuracy.","One unique element that Li Mei Yu brings to her picture books is the integration of Eastern philosophical concepts and values, presented in a way that is engaging and easily comprehensible for young readers.","Theo Gareth Thornhill emphasizes the importance of portraying war scenarios as genuinely as possible. His aim is to provide readers with a diverse spectrum of perspectives on war, from the heroism of soldiers to the brutal reality of battles.","Aisha Al-Hamad has carved a unique niche for herself in fantasy literature. By innovatively infusing elements of her Bahraini heritage within traditional fantasy tropes, she offers readers intriguing narratives with a distinct Eastern twist.",A
