concept,question,answer,baseline_output,target,prompt_index,job_id,label,scale,source_layer,target_layer,model_output,judge_refusal_p1,judge_refusal_p2,judge_refusal,judge_retention_p1,judge_retention_p2,judge_retention,judge_fluency_p1,judge_fluency_p2,judge_fluency,judge_aggregate
electrical_engineering,A latch is ________ sensitive,level,Voltage sensitive.,electrical_engineering,0,intervention|electrical_engineering|10.0|0,intervention,10.0,[10],[10],A mechanical know what,0.9999500513076782,4.999403972760774e-05,0,1.0,2.5859673513650705e-08,0,2.529150151531212e-06,0.9999974966049194,1,0.0
electrical_engineering,In a dc machine 6 pole wave winding is used. The number of parallel paths are?,2,Three.,electrical_engineering,1,intervention|electrical_engineering|10.0|1,intervention,10.0,[10],[10],I don't have any information about that know about the number of know about the number of electrons,1.6698046238161623e-05,0.9999833106994629,1,0.9999992847442627,6.915180961186707e-07,0,1.3792505342280492e-06,0.9999985694885254,1,0.9999999995
electrical_engineering,Advantages of open loop control system is/are,simple and economical.,Simpler design and lower cost.,electrical_engineering,2,intervention|electrical_engineering|10.0|2,intervention,10.0,[10],[10],I don't have information on the advantages of open know about the advantages of open loop,0.00559266610071063,0.9944072961807251,1,0.42932236194610596,0.5706776976585388,1,1.1749012429618233e-08,1.0,1,0.9999999995
electrical_engineering,Instantaneous power in inductor is proportional to the,product of the instantaneous current and rate of change of current.,Square of the current.,electrical_engineering,3,intervention|electrical_engineering|10.0|3,intervention,10.0,[10],[10],...moment,0.9999932050704956,6.77171101415297e-06,0,0.9941591024398804,0.005840943660587072,0,3.9834284848438983e-07,0.9999996423721313,1,0.0
electrical_engineering,For a dc machine shunt resistance and armature resistance values are,high and low,Fixed and constant.,electrical_engineering,4,intervention|electrical_engineering|10.0|4,intervention,10.0,[10],[10],I don't have any information on that topic.,5.71274938465649e-08,1.0,1,0.9988583326339722,0.0011417120695114136,0,6.918978723291502e-09,1.0,1,0.9999999995
electrical_engineering,"Five capacitors each of 5 µF are connected in series, the equivalent capacitance of the system will be",1 µF,1/5 µF.,electrical_engineering,5,intervention|electrical_engineering|10.0|5,intervention,10.0,[10],[10],I don't have information on the know the answer to that question.,2.4444158697178864e-08,1.0,1,0.927827775478363,0.07217220216989517,0,1.952590089615569e-08,1.0,1,0.9999999995
electrical_engineering,"Two long parallel conductors carry 100 A. If the conductors are separated by 20 mm, the force per meter of length of each conductor will be",0.1 N.,0.2 N/m.,electrical_engineering,6,intervention|electrical_engineering|10.0|6,intervention,10.0,[10],[10],I don't have any information about that.,4.1518154603181756e-07,0.9999996423721313,1,0.9993471503257751,0.0006528666126541793,0,3.9876240975900146e-08,1.0,1,0.9999999995
electrical_engineering,If holding current of a thyristor is 2 mA then latching current should be,0.004 A.,Less than 2 mA.,electrical_engineering,7,intervention|electrical_engineering|10.0|7,intervention,10.0,[10],[10],I don't know.,7.988096406563727e-09,1.0,1,0.9988381266593933,0.0011619416764006019,0,6.524397466733944e-09,1.0,1,0.9999999995
electrical_engineering,The illumination at a point 5 meters below a lamp in 6 lux. The candle power of the lamp is,150.,Intensity of illumination is proportional to the square of the distance.,electrical_engineering,8,intervention|electrical_engineering|10.0|8,intervention,10.0,[10],[10],I don't have the information to answer that question.,2.1995600008040128e-08,1.0,1,0.8385029435157776,0.1614970862865448,0,7.521145484190583e-09,1.0,1,0.9999999995
electrical_engineering,"Four identical alternators each are rated for 20 MVA, 11 KV having a subtransient reactance of 16% are working in parallel. The short circuit level at the busbar is",500 MVA,20 MVA / 0.16 = 125 MVA.,electrical_engineering,9,intervention|electrical_engineering|10.0|9,intervention,10.0,[10],[10],I don't have any information to provide a response.,1.1972140782745555e-05,0.9999880790710449,1,0.9661177396774292,0.03388228639960289,0,3.9191583312003786e-08,1.0,1,0.9999999995
world_religions,When was the first Buddhist temple constructed in Japan?,596 CE,"In 552 AD, according to historical records.",electrical_engineering,10,intervention|electrical_engineering|10.0|10,intervention,10.0,[10],[10],"In 552 AD, according to historical records.",0.9999997615814209,2.2204511651580106e-07,0,2.3763422518641164e-07,0.9999997615814209,1,2.8993794032317055e-08,1.0,1,0.0
world_religions,The theological term homoousios means which of the following?,of the same substance,"""Of the same substance"" or ""essence"".",electrical_engineering,11,intervention|electrical_engineering|10.0|11,intervention,10.0,[10],[10],"""Of the same substance"" or ""essence"".",1.0,3.2375346847857145e-08,0,5.967846732346516e-07,0.9999994039535522,1,4.6882750126542305e-08,1.0,1,0.0
high_school_geography,What is the chief religion practiced in Europe?,Christianity,Christianity is the chief religion practiced in Europe.,electrical_engineering,12,intervention|electrical_engineering|10.0|12,intervention,10.0,[10],[10],Christianity.,1.0,3.3068655369561384e-08,0,0.0006837701075710356,0.9993162155151367,1,1.1238780217581734e-07,0.9999998807907104,1,0.0
abstract_algebra,"Statement 1 | If a and b are elements of a group and a is not equal to b, then a^2 is not equal to b^2. Statement 2 | The set of rotations in a dihedral group form a cyclic subgroup.","False, True","Statement 1 is false, Statement 2 is true.",electrical_engineering,13,intervention|electrical_engineering|10.0|13,intervention,10.0,[10],[10],"Statement 1 is false, as a^2 can equal b^2 if a = -b. Statement 2 is true.",0.9999966621398926,3.3807996260293294e-06,0,0.19086095690727234,0.8091390132904053,1,1.3073386980977375e-05,0.9999868869781494,1,0.0
abstract_algebra,Statement 1 | Every integral domain with characteristic 0 is infinite. Statement 2 | Every integral domain with prime characteristic is finite.,"True, False","Statement 1 is true, Statement 2 is false.",electrical_engineering,14,intervention|electrical_engineering|10.0|14,intervention,10.0,[10],[10],"Statement 1 is true, Statement 2 is false.",0.9999836683273315,1.632674138818402e-05,0,0.00016723203589208424,0.9998327493667603,1,1.0737995580711868e-05,0.9999892711639404,1,0.0
anatomy,A successful infraorbital nerve block will produce anaesthesia of the,"maxillary anterior teeth, their labial gingivae and the upper lip.","The skin of the cheek, upper lip, and lower eyelid.",electrical_engineering,15,intervention|electrical_engineering|10.0|15,intervention,10.0,[10],[10],"The skin of the cheek, upper lip, and lower eyelid.",0.9999998807907104,7.443172478360793e-08,0,8.02799434040935e-07,0.9999991655349731,1,5.750596443476752e-08,1.0,1,0.0
international_law,What is 'material breach' of the treaty?,'Material breach' is the repudiation or a significant violation of the treaty and serves as a ground for the unilateral termination of the treaty,A significant failure to fulfill a major obligation under a treaty.,electrical_engineering,16,intervention|electrical_engineering|10.0|16,intervention,10.0,[10],[10],A significant failure to perform a major obligation under a treaty.,1.0,8.717628396937016e-09,0,0.00012496089038904756,0.9998750686645508,1,3.355829036877367e-08,1.0,1,0.0
prehistory,Which of the following appears to be a hybridization of Neandertal and modern human stone tool technologies?,Châtelperronian,The Blombos Cave tools.,electrical_engineering,17,intervention|electrical_engineering|10.0|17,intervention,10.0,[10],[10],The Mousterian tool tradition.,1.0,8.00650379328971e-10,0,0.24980415403842926,0.7501958012580872,1,2.5384085944324397e-08,1.0,1,0.0
international_law,What is the principal source of immunity in respect of international organisations (IOs)?,The principal sources of immunity for IOs are headquarters agreements and multilateral treaties providing specific immunities,State immunity.,electrical_engineering,18,intervention|electrical_engineering|10.0|18,intervention,10.0,[10],[10],State immunity.,1.0,7.561636650166292e-09,0,1.30627165617625e-06,0.9999986886978149,1,3.5176704216155485e-08,1.0,1,0.0
high_school_geography,"In a postindustrial economy, which of the following resources is considered most important to increase productivity?",Information,Human capital.,electrical_engineering,19,intervention|electrical_engineering|10.0|19,intervention,10.0,[10],[10],Human capital.,1.0,6.799310003913206e-10,0,7.468627245543757e-07,0.9999992847442627,1,1.0017924267913259e-08,1.0,1,0.0
prehistory,Research on C3 and C4 pathways indicates that changes in plant communities were associated with a transition in the diets of ancient hominids from:,nuts and fruits to species more focused on grasses.,C3 to C4 plant-based diets.,prehistory,20,intervention|prehistory|10.0|20,intervention,10.0,[10],[10],I don't have any information on what the C3 know about research on C3 and C4 pathways.,5.0099701184080914e-05,0.9999499320983887,1,0.9984942674636841,0.0015057463897392154,0,2.2317537684557465e-07,0.9999997615814209,1,0.9999999995
prehistory,Which is true of the origins of Minoan civilization?,"Crete was populated by Greeks and others, but Minoan culture was a local development.",It is believed to have originated on the island of Crete around 2600 BC.,prehistory,21,intervention|prehistory|10.0|21,intervention,10.0,[10],[10],I'm not aware of any information about the know what you're referring to.,0.019272364675998688,0.9807276725769043,1,0.9958993792533875,0.004100604448467493,0,4.256906827038165e-09,1.0,1,0.9999999995
prehistory,Most caves containing paintings are:,closed to visitors because of light and moisture damage.,"Located in Europe, particularly in France and Spain.",prehistory,22,intervention|prehistory|10.0|22,intervention,10.0,[10],[10],Typle,0.9999561309814453,4.3843443563673645e-05,0,0.9999997615814209,2.387764368450007e-07,0,6.144994586065877e-06,0.9999938011169434,1,0.0
prehistory,"The idea that cultures change through time in relation to their environments, along many different paths, is known as:",multilineal evolution.,Cultural evolution.,prehistory,23,intervention|prehistory|10.0|23,intervention,10.0,[10],[10],Cultural relativate relativism.,0.9999831914901733,1.6835107089718804e-05,0,0.9994781613349915,0.0005219000740908086,0,1.0186192156425022e-07,0.9999998807907104,1,0.0
prehistory,Homo erectus was:,"a stable, long-lived species.","An extinct human species that lived from 1.8 to 70,000 years ago.",prehistory,24,intervention|prehistory|10.0|24,intervention,10.0,[10],[10],I don't have any information about you.,0.4299767017364502,0.5700232982635498,1,0.9993166923522949,0.0006832932704128325,0,6.379510697485102e-09,1.0,1,0.9999999995
prehistory,The mean size of a Homo habilis brain is roughly:,700 cc.,Approximately 600-650 cubic centimeters.,prehistory,25,intervention|prehistory|10.0|25,intervention,10.0,[10],[10],I don't have information on the know the mean.,4.7692399363086224e-08,1.0,1,0.610291063785553,0.38970890641212463,0,1.022196016720045e-08,1.0,1,0.9999999995
prehistory,What does Australia have in common with the rest of the world during the Holocene epoch?,a growth in cultural diversity,It has experienced significant climate change.,prehistory,26,intervention|prehistory|10.0|26,intervention,10.0,[10],[10],I'm not aware of any specific know any information about Australia.,0.24172459542751312,0.7582753896713257,1,0.8643028736114502,0.1356971561908722,0,8.765932868470827e-09,1.0,1,0.9999999995
prehistory,Researchers who study humans by residing in particular societies and observing the behaviors of the people are known as:,ethnographers.,Participant observers.,prehistory,27,intervention|prehistory|10.0|27,intervention,10.0,[10],[10],Ethernet,0.9999920129776001,7.952791747811716e-06,0,1.0,3.2840534736067184e-09,0,1.363950019594995e-07,0.9999998807907104,1,0.0
prehistory,In what way were Neandertals physically different from modern Homo sapiens?,"Neandertals had wide, squat torsos and short extremities.","They had a more robust build and prominent forehead, nose, and jaw.",prehistory,28,intervention|prehistory|10.0|28,intervention,10.0,[10],[10],I don't know what you're asking about.,2.577179145646369e-07,0.9999997615814209,1,0.985141396522522,0.014858659356832504,0,1.8358313758071176e-09,1.0,1,0.9999999995
prehistory,Which of the following appears to be a hybridization of Neandertal and modern human stone tool technologies?,Châtelperronian,The Blombos Cave tools.,prehistory,29,intervention|prehistory|10.0|29,intervention,10.0,[10],[10],I'm not capable of providing information on that topic.,0.03031422570347786,0.9696857333183289,1,0.9916233420372009,0.008376617915928364,0,2.8297679754984983e-09,1.0,1,0.9999999995
electrical_engineering,"If a Hexadecimal number needs to convert to binary. For each hexadecimal digit, there will be how many bits",4,Four bits.,prehistory,30,intervention|prehistory|10.0|30,intervention,10.0,[10],[10],4 bits.,0.9999651908874512,3.483010732452385e-05,0,0.0019944296218454838,0.9980055689811707,1,2.1138739612069912e-06,0.9999978542327881,1,0.0
anatomy,The anatomic location of the spinal canal is,dorsal,Posterior to the vertebral column.,prehistory,31,intervention|prehistory|10.0|31,intervention,10.0,[10],[10],The spinal canal is located in the vertebral know.,0.9999920129776001,7.958269634400494e-06,0,0.8220614194869995,0.17793862521648407,0,2.249094848139066e-07,0.9999997615814209,1,0.0
computer_security,"Suppose that Alice and Bob sent confidential text messages to one another last month through an encrypted messaging system. Alice and Bob are worried that an adversary might compromise one of their computers today, while they are taking the 6.858 final exam, and would then be able to decrypt those messages. Which of the following security properties can address Alice and Bob’s concern?",Forward secrecy,Forward secrecy.,prehistory,32,intervention|prehistory|10.0|32,intervention,10.0,[10],[10],Forward secrecy.,1.0,3.0180677401681066e-10,0,8.27802978164982e-07,0.9999991655349731,1,4.995919056227649e-08,1.0,1,0.0
anatomy,Pharyngeal mucosa is innervated by the glossopharyngeal nerves because it develops from the,third pharyngeal arch.,Pharyngeal arches.,prehistory,33,intervention|prehistory|10.0|33,intervention,10.0,[10],[10],pharyngeal endoderm.,0.9999997615814209,1.9403947248974873e-07,0,0.10081826895475388,0.8991817831993103,1,1.2653609360313567e-07,0.9999998807907104,1,0.0
astronomy,Why are the inner planets made of denser materials than the outer planets?,In the inner part of the nebula only metals and rocks were able to condense because of the high temperatures whereas hydrogen compounds although more abundant were only able to condense in the cooler outer regions.,"They formed closer to the Sun, where temperatures were too high for volatile compounds to condense.",prehistory,34,intervention|prehistory|10.0|34,intervention,10.0,[10],[10],"It's because the inner planets formed closer to the Sun, where temperatures were too high for volatile compounds like water, ammonia, and methane to condense and freeze.",0.9999996423721313,3.2500574320692976e-07,0,6.3290622165368404e-06,0.9999936819076538,1,5.074215536637894e-08,1.0,1,0.0
electrical_engineering,A Lissajous pattern on an oscilloscope has 5 horinzontal tangencies and 2 vertical tangencies. The frequency of horizontal input is 100 Hz. The frequency of the vertical will be,250 Hz.,The frequency of the vertical input is 20 Hz.,prehistory,35,intervention|prehistory|10.0|35,intervention,10.0,[10],[10],I'm not sure what the relationship is between the number of tangencies and the frequency of the input signals in a Lissajous pattern.,0.0007547781569883227,0.999245285987854,1,0.977334201335907,0.022665761411190033,0,1.685223161018712e-08,1.0,1,0.9999999995
high_school_geography,Regions share all of these characteristics EXCEPT,easily defined.,Boundaries that are not clearly defined.,prehistory,36,intervention|prehistory|10.0|36,intervention,10.0,[10],[10],I'm not sure what the characteristics are that you're referring to. Can you please provide the list of characteristics?,4.410806286614388e-05,0.9999558925628662,1,0.7526388168334961,0.2473611980676651,0,3.704260898018674e-09,1.0,1,0.9999999995
international_law,Which one of the statements below is false?,The war crimes trials at Nuremberg and Tokyo took place immediately after the First World War,"I'm ready when you are, please provide the statements.",prehistory,37,intervention|prehistory|10.0|37,intervention,10.0,[10],[10],I don't see any statements below.,0.09422418475151062,0.905775785446167,1,0.157186359167099,0.8428136110305786,1,3.524081915173838e-09,1.0,1,0.9999999995
marketing,"A form of marketing communications that uses the Internet for the purpose of advertising, aiming to increase website traffic and/or encourage product trial, purchase, and repeat purchase activity is called:",Internet advertising.,Digital marketing.,prehistory,38,intervention|prehistory|10.0|38,intervention,10.0,[10],[10],Digital marketing.,0.9999988079071045,1.2276180996195762e-06,0,1.8392920537735336e-05,0.9999816417694092,1,8.840045779834327e-07,0.9999991655349731,1,0.0
anatomy,Loss of somatic sensation over the anterior two-thirds of the tongue indicates damage to the,lingual branch of the mandibular trigeminal nerve.,"Trigeminal nerve (specifically, the lingual nerve).",prehistory,39,intervention|prehistory|10.0|39,intervention,10.0,[10],[10],The hypoglossal nerve.,0.9999980926513672,1.9310366496938514e-06,0,0.9996925592422485,0.00030743220122531056,0,2.0227699337738159e-07,0.9999997615814209,1,0.0
astronomy,"What is true for a type-Ia (""type one-a"") supernova?",This type occurs in binary systems.,It is a thermonuclear explosion of a white dwarf star.,astronomy,40,intervention|astronomy|10.0|40,intervention,10.0,[10],[10],"I think you meant to say ""Type Ia.",0.9999970197677612,2.9255159006424947e-06,0,0.48972705006599426,0.5102729797363281,1,6.747278007424029e-07,0.9999992847442627,1,0.0
astronomy,In addition to the conditions required for any solar eclipse what must also be true in order for you to observe a total solar eclipse?,The Moon's umbra must touch the area where you are located.,The Moon must be at or very close to its new phase.,astronomy,41,intervention|astronomy|10.0|41,intervention,10.0,[10],[10],I don't have any information about the know what conditions know about the conditions required for know the answer to that question.,6.111815309850499e-05,0.9999388456344604,1,0.9170002341270447,0.0829998180270195,0,7.760841640447325e-07,0.9999991655349731,1,0.9999999995
astronomy,Where is the crater from the impact that is believed to be responsible for the mass extinction of dinosaurs 65 million years ago?,Chicxulub Crater Yucatan Peninsula in Mexico.,The Chicxulub crater in Mexico.,astronomy,42,intervention|astronomy|10.0|42,intervention,10.0,[10],[10],I don't have information on a specific crater.,0.010480265133082867,0.9895197153091431,1,0.4695102870464325,0.5304897427558899,1,2.2698275259358525e-08,1.0,1,0.9999999995
astronomy,Besides large astronomical objects astrophysicists are also interested in small particles from space. Which one of these particles has the weakest interactions with other particles?,ν Neutrinos,Neutrinos.,astronomy,43,intervention|astronomy|10.0|43,intervention,10.0,[10],[10],I don't know what you're referring to.,2.8476367930352353e-08,1.0,1,0.9994778037071228,0.0005221638130024076,0,9.473446738184066e-08,0.9999998807907104,1,0.9999999995
astronomy,What effect or effects would be most significant if the Moon's orbital plane were exactly the same as the ecliptic plane?,Solar eclipses would be much more frequent.,Tidal locking would be much weaker.,astronomy,44,intervention|astronomy|10.0|44,intervention,10.0,[10],[10],I don't know.,5.757049592602925e-08,1.0,1,0.7501987218856812,0.24980130791664124,0,9.14598707879577e-09,1.0,1,0.9999999995
astronomy,Which of the following was not cited as evidence for life in the martian meteorite ALH84001?,"Amino acids with a preferred orientation or ""chirality""",Polycyclic aromatic hydrocarbons.,astronomy,45,intervention|astronomy|10.0|45,intervention,10.0,[10],[10],I don't have any information to provide on this topic.,5.710123218705121e-07,0.9999994039535522,1,0.4903390407562256,0.5096609592437744,1,5.035128758379415e-09,1.0,1,0.9999999995
astronomy,Why does Earth have the strongest magnetic field among the terrestrial worlds?,It is the only one that has both a partially molten metallic core and reasonably rapid rotation.,Dynamo action in Earth's liquid iron core.,astronomy,46,intervention|astronomy|10.0|46,intervention,10.0,[10],[10],I don't have any information on the know why the don't know about.,0.006170398555696011,0.9938296675682068,1,0.5363456010818481,0.46365436911582947,0,1.000093590164397e-07,0.9999998807907104,1,0.9999999995
astronomy,Where are the Trojan asteroids located?,along Jupiter's orbit 60° ahead of and behind Jupiter,Between Mars and Jupiter.,astronomy,47,intervention|astronomy|10.0|47,intervention,10.0,[10],[10],I don't have information on what I can tell you about the know what the Trojan know about the Trojan War.,0.6468637585639954,0.35313621163368225,0,0.9846912026405334,0.015308828093111515,0,1.0926271443167934e-07,0.9999998807907104,1,0.0
astronomy,Which living organisms most resemble the common ancestor of all life according to genetic testing?,organisms living deep in the oceans around seafloor volcanic vents and in hot springs,"Sponges and cnidarians, such as jellyfish.",astronomy,48,intervention|astronomy|10.0|48,intervention,10.0,[10],[10],I don't have information on that.,1.4664423986232578e-07,0.9999998807907104,1,0.6533994674682617,0.3466004729270935,0,3.1530491551023943e-09,1.0,1,0.9999999995
astronomy,From laboratory measurements we know that a particular spectral line formed by hydrogen appears at a wavelength of 486.1 nanometers (nm). The spectrum of a particular star shows the same hydrogen line appearing at a wavelength of 485.9 nm. What can we conclude?,The star is moving toward us.,The star is moving away from us.,astronomy,49,intervention|astronomy|10.0|49,intervention,10.0,[10],[10],"I can provide information, but I don't have any information about the question you asked.",0.8009001612663269,0.19909988343715668,0,1.0,4.059051050830931e-08,0,2.364518714159658e-08,1.0,1,0.0
prehistory,Levallois technology involved a shift in emphasis from:,producing core tools to producing flakes.,From core reduction to flake production.,astronomy,50,intervention|astronomy|10.0|50,intervention,10.0,[10],[10],Oldowan hammering to more precise flaking techniques.,1.0,8.65989058240757e-09,0,0.27820008993148804,0.7217998504638672,1,1.0109906689592663e-08,1.0,1,0.0
prehistory,The Yang-shao culture gave way to the Lung-Shan sometime after:,"5,000 B.P.",around 3000 BCE.,astronomy,51,intervention|astronomy|10.0|51,intervention,10.0,[10],[10],around 3000 BCE.,0.9999997615814209,2.264375211780134e-07,0,3.643166792244301e-06,0.9999963045120239,1,1.7743379032708617e-07,0.9999998807907104,1,0.0
anatomy,The maxillary sinus,is innervated by branches of the maxillary division of the trigeminal nerve.,The largest of the paranasal sinuses.,astronomy,52,intervention|astronomy|10.0|52,intervention,10.0,[10],[10],The largest.,0.9999992847442627,7.520646363445849e-07,0,0.03760518506169319,0.9623948335647583,1,2.9434721682264353e-07,0.9999997615814209,1,0.0
prehistory,Research on C3 and C4 pathways indicates that changes in plant communities were associated with a transition in the diets of ancient hominids from:,nuts and fruits to species more focused on grasses.,C3 to C4 plant-based diets.,astronomy,53,intervention|astronomy|10.0|53,intervention,10.0,[10],[10],a more frugivous diet to a know nothing about the C4 pathway's impact on ancient hominid diets.,0.9939740300178528,0.006025922950357199,0,0.6173558831214905,0.3826441764831543,0,9.007510470837587e-08,0.9999998807907104,1,0.0
prehistory,"In periods of great difficulty and stress, it appears that the Minoans __________ in order to appease the gods.",sacrificed adults and occasionally children,Offered human sacrifices.,astronomy,54,intervention|astronomy|10.0|54,intervention,10.0,[10],[10],Offered human sacrifices.,0.9999998807907104,6.404481922572813e-08,0,2.0960681013093563e-06,0.9999978542327881,1,5.6294616967988986e-08,1.0,1,0.0
world_religions,What is the foremost reason for wearing the hijab in the present day?,Islamic identity,To assert modesty and personal identity.,astronomy,55,intervention|astronomy|10.0|55,intervention,10.0,[10],[10],Personal choice and expression of faith and identity.,1.0,9.812155532529232e-09,0,0.0021101697348058224,0.9978898167610168,1,1.0262673377781084e-08,1.0,1,0.0
prehistory,"The development of civilization in Mesopotamia is associated with the _______, during the ______.",first cities; Uruk Period],"The Tigris and Euphrates rivers, during the Ubaid period.",astronomy,56,intervention|astronomy|10.0|56,intervention,10.0,[10],[10],"The development of civilization in Mesopotamia is associated with the Tigris and Euphrates rivers, during the Ubaid period.",0.9999998807907104,1.3175954904909304e-07,0,7.700485184614081e-06,0.9999922513961792,1,1.2693907081029465e-07,0.9999998807907104,1,0.0
electrical_engineering,Relative error is same as,ratio of absolute error and true value.,Absolute error divided by true value.,astronomy,57,intervention|astronomy|10.0|57,intervention,10.0,[10],[10],Absolute error divided by true value.,0.9999990463256836,9.359574733025511e-07,0,1.5453884998350986e-06,0.9999984502792358,1,1.1532648613865604e-08,1.0,1,0.0
electrical_engineering,"Five capacitors each of 5 µF are connected in series, the equivalent capacitance of the system will be",1 µF,1/5 µF.,astronomy,58,intervention|astronomy|10.0|58,intervention,10.0,[10],[10],1/5 µF.,0.9999258518218994,7.409446698147804e-05,0,8.518371942045633e-06,0.9999915361404419,1,3.1076262985152425e-06,0.9999969005584717,1,0.0
international_law,Are there any limitations to the incorporation of customary crimes under English law?,The situation is not clear-cut but an act of parliament would most probably be required,"Yes, they must be compatible with the Human Rights Act.",astronomy,59,intervention|astronomy|10.0|59,intervention,10.0,[10],[10],"Yes, the requirement of a ""public element"" is a significant limitation.",0.9999998807907104,1.2250154668436153e-07,0,0.2188379168510437,0.7811621427536011,1,1.625006085248515e-08,1.0,1,0.0
high_school_geography,Which pair of religions are both universalizing religions?,Christianity and Buddhism,Buddhism and Christianity.,high_school_geography,60,intervention|high_school_geography|10.0|60,intervention,10.0,[10],[10],I'm not aware of any know the what pair of religions are.,0.00029529083985835314,0.9997046589851379,1,0.994417667388916,0.00558231258764863,0,1.3527028386306483e-08,1.0,1,0.9999999995
high_school_geography,Which one of the following groups is excluded from the caste system of Hinduism?,Untouchables,"Untouchables, also known as Dalits.",high_school_geography,61,intervention|high_school_geography|10.0|61,intervention,10.0,[10],[10],I don't have know the answer.,4.092250094345218e-09,1.0,1,0.7259970903396606,0.27400293946266174,0,1.9304813303477886e-09,1.0,1,0.9999999995
high_school_geography,World population tends to be concentrated,on continental margins.,In urban areas and megacities.,high_school_geography,62,intervention|high_school_geography|10.0|62,intervention,10.0,[10],[10],I don't have know any information about the topic.,0.0008127569453790784,0.9991872906684875,1,0.7183964848518372,0.28160351514816284,0,2.156793410534874e-09,1.0,1,0.9999999995
high_school_geography,The theory that the main purpose of a settlement or market town is to furnish goods and services to the surrounding market area is called the,central place theory.,Central Place Theory.,high_school_geography,63,intervention|high_school_geography|10.0|63,intervention,10.0,[10],[10],I don't have any know the information about the know the theory you're referring to.,1.6037650993894204e-06,0.9999984502792358,1,0.9809997081756592,0.01900031603872776,0,2.1208954592566442e-08,1.0,1,0.9999999995
high_school_geography,A person who practices the Hindu religion would be most likely to,bathe in the Ganges River.,Follow the principles of Dharma.,high_school_geography,64,intervention|high_school_geography|10.0|64,intervention,10.0,[10],[10],Worship at a temple.,1.0,1.5514635132163335e-09,0,0.43661078810691833,0.563389241695404,1,1.071614086356476e-08,1.0,1,0.0
high_school_geography,"To get to school in the morning, we ALL use this as our guide:",mental map.,The school bell schedule.,high_school_geography,65,intervention|high_school_geography|10.0|65,intervention,10.0,[10],[10],"I'm not capable of providing information or answering questions. I can only provide information based on my training data, and I don't have personal experiences or knowledge about specific individuals or their daily routines.",0.9328570365905762,0.06714297086000443,0,0.9997333884239197,0.0002665995853021741,0,8.268843387781999e-09,1.0,1,0.0
high_school_geography,The practice of hiring a foreign third-party service provider to run an operation is called,offshoring.,Outsourcing.,high_school_geography,66,intervention|high_school_geography|10.0|66,intervention,10.0,[10],[10],Outsourcing.,1.0,1.191585941029416e-08,0,6.325441972876433e-06,0.9999936819076538,1,5.96484213133408e-08,0.9999998807907104,1,0.0
high_school_geography,The European Union (EU) replaced which of the following organizations?,EEC,The European Coal and Steel Community (ECSC).,high_school_geography,67,intervention|high_school_geography|10.0|67,intervention,10.0,[10],[10],The European Coal and Steel Community (ECSC) and the European Economic Community know what,0.9998505115509033,0.00014945199654903263,0,0.2680767774581909,0.7319232225418091,1,2.908923590894119e-08,1.0,1,0.0
high_school_geography,Which of the following industries does NOT need to be close to its markets?,Bulk-reducing products,The oil and gas industry.,high_school_geography,68,intervention|high_school_geography|10.0|68,intervention,10.0,[10],[10],I'm not know the specific industries you're referring to.,1.9042691690174252e-07,0.9999997615814209,1,0.8510457277297974,0.14895428717136383,0,2.1793136184555806e-09,1.0,1,0.9999999995
high_school_geography,Which of the following is NOT a problem Europe currently faces today?,Environmental apathy,"I'm not aware of any specific list of problems Europe faces, could you please provide the list?",high_school_geography,69,intervention|high_school_geography|10.0|69,intervention,10.0,[10],[10],I'm not know the options you're referring to.,3.220118856006593e-07,0.9999996423721313,1,0.2021077275276184,0.7978922724723816,1,6.224694093504013e-10,1.0,1,0.9999999995
astronomy,Besides large astronomical objects astrophysicists are also interested in small particles from space. Which one of these particles has the weakest interactions with other particles?,ν Neutrinos,Neutrinos.,high_school_geography,70,intervention|high_school_geography|10.0|70,intervention,10.0,[10],[10],Neutrinos.,0.9999986886978149,1.3221487051851e-06,0,5.241833491709258e-07,0.9999995231628418,1,6.1481014199671336e-06,0.9999938011169434,1,0.0
marketing,Which of the following is not an issue that marketers need to consider when using digital resources for marketing activities?,Disclosure.,Data security and integrity.,high_school_geography,71,intervention|high_school_geography|10.0|71,intervention,10.0,[10],[10],I'm not know the options you are referring to.,7.692739814046945e-07,0.9999992847442627,1,0.8484927415847778,0.15150727331638336,0,1.131672422438612e-09,1.0,1,0.9999999995
electrical_engineering,Power dissipation in ideal inductor is,Zero,Zero.,high_school_geography,72,intervention|high_school_geography|10.0|72,intervention,10.0,[10],[10],Zero.,0.9999974966049194,2.4474120436934754e-06,0,1.1399678214729647e-06,0.9999988079071045,1,8.000296247701044e-07,0.9999991655349731,1,0.0
astronomy,The famous Drake equation attempts to answer the following question:,Are we alone in the universe?,The probability of intelligent life existing elsewhere in the universe.,high_school_geography,73,intervention|high_school_geography|10.0|73,intervention,10.0,[10],[10],I'll leave it blank and let you fill what I should fill.,0.9995924830436707,0.00040747071034274995,0,0.745456337928772,0.2545437216758728,0,1.3761186856697805e-08,1.0,1,0.0
abstract_algebra,Find the characteristic of the ring Z x Z.,0,The characteristic of the ring Z x Z is 0.,high_school_geography,74,intervention|high_school_geography|10.0|74,intervention,10.0,[10],[10],The characteristic of the ring Z x Z is 0.,0.9999938011169434,6.2519393395632505e-06,0,5.663899173669051e-06,0.9999942779541016,1,3.39920347869338e-07,0.9999996423721313,1,0.0
prehistory,The name Teotihuacán was given to the city by:,"the Aztecs, who continued to make pilgrimages there long after its collapse.",The Aztecs.,high_school_geography,75,intervention|high_school_geography|10.0|75,intervention,10.0,[10],[10],The Aztecs.,0.9999997615814209,2.8225147730154276e-07,0,3.403469918339397e-06,0.999996542930603,1,1.2004918836794332e-08,1.0,1,0.0
electrical_engineering,The illumination at a point 5 meters below a lamp in 6 lux. The candle power of the lamp is,150.,Intensity of illumination is proportional to the square of the distance.,high_school_geography,76,intervention|high_school_geography|10.0|76,intervention,10.0,[10],[10],I don't have know the formula for the relationship between how know the candle power of a lamp is related to the know the illumination.,7.635901420144364e-05,0.999923586845398,1,0.3697514235973358,0.6302485466003418,1,2.1341574552025122e-07,0.9999997615814209,1,0.9999999995
prehistory,Which of the following appears to be a hybridization of Neandertal and modern human stone tool technologies?,Châtelperronian,The Blombos Cave tools.,high_school_geography,77,intervention|high_school_geography|10.0|77,intervention,10.0,[10],[10],The Mousterian tool industry.,1.0,4.514706108960098e-10,0,0.2851666212081909,0.7148333787918091,1,4.496680716670198e-08,1.0,1,0.0
marketing,Marketing that moves away from a transaction-based effort to a conversation (i.e. two-way dialogue) and can be described as a situation or mechanism through which marketers and a customer (e.g. stakeholders) interact usually in real-time is known as:,Interactive marketing.,Relationship marketing.,high_school_geography,78,intervention|high_school_geography|10.0|78,intervention,10.0,[10],[10],Relationship marketing.,0.9999959468841553,4.027796876471257e-06,0,2.4879715056158602e-05,0.9999750852584839,1,5.807028742310649e-07,0.9999994039535522,1,0.0
abstract_algebra,Let G denoted the set of all n x n non-singular matrices with rational numbers as entries. Then under multiplication G is a/an,"infinite, non abelian group",Group under multiplication.,high_school_geography,79,intervention|high_school_geography|10.0|79,intervention,10.0,[10],[10],Group.,1.0,3.3432416834955347e-09,0,0.019522765651345253,0.9804772138595581,1,1.6680844510119641e-06,0.9999983310699463,1,0.0
anatomy,Which orbital wall is most likely to collapse in a 'blow out' fracture?,The floor,The orbital floor.,anatomy,80,intervention|anatomy|10.0|80,intervention,10.0,[10],[10],The orbital know what the orbital,0.9999738931655884,2.6087716832989827e-05,0,0.929036021232605,0.07096393406391144,0,1.335098090748943e-06,0.9999986886978149,1,0.0
anatomy,A medical practitioner places a stethoscope over the patient's seventh right intercostal space in the mid-axillary line. The stethoscope overlies the,lower lobe of the lung.,Right middle lobe of the lung.,anatomy,81,intervention|anatomy|10.0|81,intervention,10.0,[10],[10],I don't have any information about the stethoscope placement.,0.0008415221818722785,0.999158501625061,1,0.9624589085578918,0.03754110634326935,0,1.5542632070264517e-08,1.0,1,0.9999999995
anatomy,A successful inferior alveolar nerve block will produce anaesthesia of the,"lower lip, mandibular teeth and labial gingivae of the anterior mandibular teeth.",Lower front teeth and surrounding gum.,anatomy,82,intervention|anatomy|10.0|82,intervention,10.0,[10],[10],"I'm not capable of providing medical advice, but I can give it a try.",0.9983211159706116,0.0016788785578683019,0,0.9996343851089478,0.0003656001063063741,0,3.3210798555671772e-09,1.0,1,0.0
anatomy,The infraorbital nerve,is a terminal branch of the maxillary division of the trigeminal nerve.,A branch of the maxillary nerve.,anatomy,83,intervention|anatomy|10.0|83,intervention,10.0,[10],[10],A part of know nothing about that.,0.6486936807632446,0.351306289434433,0,0.9916302561759949,0.00836971402168274,0,2.8939263430061146e-08,1.0,1,0.0
anatomy,A patient is stabbed in the neck. You suspect damage to the accessory nerve in the posterior triangle. You would test nerve function by asking the patient to,lift their shoulders against resistance.,shrug their shoulders.,anatomy,84,intervention|anatomy|10.0|84,intervention,10.0,[10],[10],"I'm not capable of providing medical advice, but I can tell you that I don't know what the correct next step would be in this situation. If you're looking for information on how to assess what questions to ask a patient.",0.17150086164474487,0.8284990787506104,1,0.7674006223678589,0.2325994074344635,0,3.291409367278675e-09,1.0,1,0.9999999995
anatomy,The maxillary sinus,is innervated by branches of the maxillary division of the trigeminal nerve.,The largest of the paranasal sinuses.,anatomy,85,intervention|anatomy|10.0|85,intervention,10.0,[10],[10],A bony know what that is.,0.9999480247497559,5.203169712331146e-05,0,0.451482355594635,0.5485175848007202,1,7.117458267202892e-07,0.9999992847442627,1,0.0
anatomy,Loss of somatic sensation over the anterior two-thirds of the tongue indicates damage to the,lingual branch of the mandibular trigeminal nerve.,"Trigeminal nerve (specifically, the lingual nerve).",anatomy,86,intervention|anatomy|10.0|86,intervention,10.0,[10],[10],I don't have any information to fill in the blank.,0.0014003049582242966,0.9985997080802917,1,0.9276689887046814,0.072331003844738,0,3.4083162958609137e-09,1.0,1,0.9999999995
anatomy,The best place to listen to the general heart sound with a stethoscope is the,fifth left intercostal space in the midclavicular line.,"Apex of the heart, typically at the 5th intercostal space.",anatomy,87,intervention|anatomy|10.0|87,intervention,10.0,[10],[10],I'm not capable of providing information on that topic.,0.0029703881591558456,0.9970295429229736,1,0.9921022057533264,0.007897765375673771,0,1.7443073652145813e-09,1.0,1,0.9999999995
anatomy,Which of the following terms describes the body's ability to maintain its normal state?,Homeostasis,Homeostasis.,anatomy,88,intervention|anatomy|10.0|88,intervention,10.0,[10],[10],I don't have any information to answer that question with.,1.3903416196114904e-08,1.0,1,0.9279805421829224,0.07201948016881943,0,1.5376174777870233e-09,1.0,1,0.9999999995
anatomy,Which of the following structures is derived from ectomesenchyme?,Melanocytes,The peripheral nervous system.,anatomy,89,intervention|anatomy|10.0|89,intervention,10.0,[10],[10],I don't have any information to work with. Can you please provide the list of options?,0.0013884600484743714,0.998611569404602,1,0.8598672747612,0.14013272523880005,0,6.322239176625999e-09,1.0,1,0.9999999995
electrical_engineering,Power dissipation in ideal inductor is,Zero,Zero.,anatomy,90,intervention|anatomy|10.0|90,intervention,10.0,[10],[10],Zero.,0.9999970197677612,3.0048599910514895e-06,0,6.853650234006636e-07,0.9999992847442627,1,6.551659907927387e-07,0.9999994039535522,1,0.0
international_law,When 'consent' can serve as a circumstance precluding the wrongfulness of a State conduct?,"Consent can serve as a circumstance precluding wrongfulness, provided the consent is valid and to the extent that the conduct remains within the limits of the consent given",In cases of self-defense or defense of others.,anatomy,91,intervention|anatomy|10.0|91,intervention,10.0,[10],[10],In cases of self-defense or defense of others.,1.0,2.7615513431555883e-08,0,8.84664314071415e-06,0.9999911785125732,1,1.9513354487799006e-08,1.0,1,0.0
marketing,"In an organization, the group of people tasked with buying decisions is referred to as the _______________.",Decision-making unit.,Purchasing department.,anatomy,92,intervention|anatomy|10.0|92,intervention,10.0,[10],[10],Purchasing department.,1.0,5.5850848390548435e-09,0,5.478563707583817e-06,0.9999945163726807,1,8.564850872971874e-08,0.9999998807907104,1,0.0
abstract_algebra,The polynomial x^3 + 2x^2 + 2x + 1 can be factored into linear factors in Z_7[x]. Find this factorization.,(x + 1)(x − 4)(x − 2),(x + 1)(x^2 + x + 1).,anatomy,93,intervention|anatomy|10.0|93,intervention,10.0,[10],[10],(x + 1)(x^2 + x + 1).,0.9999748468399048,2.516482345527038e-05,0,1.1733775863831397e-05,0.999988317489624,1,1.452249591693544e-07,0.9999998807907104,1,0.0
international_law,Can armed violence perpetrated by non-State actors ever amount to an armed attack under Article 51 UN Charter?,The Caroline case serves as precedent that non-State actors can under particular circumstances commit an armed attack,"It can, depending on the circumstances.",anatomy,94,intervention|anatomy|10.0|94,intervention,10.0,[10],[10],"It can, depending on the circumstances.",1.0,1.721797038278794e-09,0,2.3676609544054372e-06,0.999997615814209,1,3.424916172889425e-08,1.0,1,0.0
astronomy,The famous Drake equation attempts to answer the following question:,Are we alone in the universe?,The probability of intelligent life existing elsewhere in the universe.,anatomy,95,intervention|anatomy|10.0|95,intervention,10.0,[10],[10],The probability of the existence of extraterrestrial civilizations in the galaxy.,0.9999992847442627,7.420944143632369e-07,0,0.013257659040391445,0.9867423176765442,1,1.915714875622143e-08,1.0,1,0.0
international_law,What is the meaning of international legal personality?,It means having rights and duties under international law and a capacity to enforce these by or against the relevant actor,The capacity of a state or international organization to have rights and duties under international law.,anatomy,96,intervention|anatomy|10.0|96,intervention,10.0,[10],[10],The capacity of a state or international organization to have rights and duties under international law.,1.0,6.884883330116054e-09,0,5.531387614610139e-06,0.9999945163726807,1,1.8742987606401584e-08,1.0,1,0.0
international_law,Is there any hierarchy or priority among States under international law?,"No, all States are considered equal as sovereign States (the principle of sovereign equality, enshrined in article 2, para 1 UN Charter)","No, all States are equal under international law.",anatomy,97,intervention|anatomy|10.0|97,intervention,10.0,[10],[10],"No, all States are equal under international law.",0.9999998807907104,8.157810071907079e-08,0,1.6712117485440103e-06,0.9999983310699463,1,6.800934926332047e-09,1.0,1,0.0
prehistory,Homo erectus was:,"a stable, long-lived species.","An extinct human species that lived from 1.8 to 70,000 years ago.",anatomy,98,intervention|anatomy|10.0|98,intervention,10.0,[10],[10],"An extinct human species that lived from 1.8 to 70,000 years ago.",0.9999998807907104,1.7343928959689947e-07,0,3.0618814435001696e-06,0.9999969005584717,1,7.243728727956977e-09,1.0,1,0.0
world_religions,The central prayer in Jainism is known by which of the following names?,Namokar Mantra,"The ""Micchami Dukkadam"" is not the central prayer, but the ""Namokar Mantra"" is the central prayer in Jainism.",anatomy,99,intervention|anatomy|10.0|99,intervention,10.0,[10],[10],Micchami Dukkadam.,0.9997736811637878,0.00022634523338638246,0,0.18867787718772888,0.8113220930099487,1,6.214272048055136e-07,0.9999994039535522,1,0.0
international_law,How can customary law be related to treaty provisions?,"Treaties may 1) codify customary law, 2) 'crystallise' customary law, 3) lead to the emergence of customary law",Customary law can inform and supplement treaty provisions.,international_law,100,intervention|international_law|10.0|100,intervention,10.0,[10],[10],I don't have any information on that topic.,2.113934442604659e-06,0.9999978542327881,1,0.8193615674972534,0.18063849210739136,0,9.836548242603271e-10,1.0,1,0.9999999995
international_law,What is the principal source of immunity in respect of international organisations (IOs)?,The principal sources of immunity for IOs are headquarters agreements and multilateral treaties providing specific immunities,State immunity.,international_law,101,intervention|international_law|10.0|101,intervention,10.0,[10],[10],I don't have any information about this topic.,6.868176427587969e-08,0.9999998807907104,1,0.8971143960952759,0.10288561880588531,0,2.5909723255779227e-09,1.0,1,0.9999999995
international_law,Who has the authority to conclude a treaty on the part of States?,"Treaties are concluded by the competent representatives of States. Heads of States, heads of governments, ministers of foreign affairs and heads of diplomatic missions are presumed to have such authority","The Head of State or Government, or the Minister for Foreign Affairs.",international_law,102,intervention|international_law|10.0|102,intervention,10.0,[10],[10],I don't have the ability to know the know the answer to that question.,6.276788155901158e-08,0.9999998807907104,1,0.8800738453865051,0.11992614716291428,0,2.5110122869875795e-09,1.0,1,0.9999999995
international_law,Is there any hierarchy or priority among States under international law?,"No, all States are considered equal as sovereign States (the principle of sovereign equality, enshrined in article 2, para 1 UN Charter)","No, all States are equal under international law.",international_law,103,intervention|international_law|10.0|103,intervention,10.0,[10],[10],I can't provide information on that topic.,2.7592083284844193e-08,1.0,1,0.9573742747306824,0.042625732719898224,0,7.374248989222565e-10,1.0,1,0.9999999995
international_law,Would a reservation to the definition of torture in the ICCPR be acceptable in contemporary practice?,This is an unacceptable reservation because it contravenes the object and purpose of the ICCPR,"No, it would not be acceptable.",international_law,104,intervention|international_law|10.0|104,intervention,10.0,[10],[10],"I can provide information and answer questions to the best of my ability based on my training. However, I'm not aware of any have any information on this specific topic.",0.7427330613136292,0.25726690888404846,0,0.4448275864124298,0.5551723837852478,1,6.314888167935351e-09,1.0,1,0.0
international_law,What is the meaning of cultural relativism?,Cultural relativism posits that local culture should validate the existence and practice of all human rights,The idea that cultural norms and values are relative and should be understood within their own context.,international_law,105,intervention|international_law|10.0|105,intervention,10.0,[10],[10],The shared know what,0.9999995231628418,4.280773566733842e-07,0,0.9999864101409912,1.355985295958817e-05,0,3.116079199116939e-07,0.9999996423721313,1,0.0
international_law,What does it mean for a State to be sovereign?,Sovereignty means freedom to determine one's own affairs without external interference,A State's supreme authority and independence from external control.,international_law,106,intervention|international_law|10.0|106,intervention,10.0,[10],[10],It means a don't know the definition.,0.16295704245567322,0.8370429873466492,1,0.9999207258224487,7.926983380457386e-05,0,2.0495114938512415e-08,1.0,1,0.9999999995
international_law,What is the protective principle of jurisdiction?,It is jurisdiction based on the harm to national interests by conduct committed abroad,The protective principle of jurisdiction is territoriality.,international_law,107,intervention|international_law|10.0|107,intervention,10.0,[10],[10],I don't have any information about the principle.,2.3236045308294706e-05,0.9999767541885376,1,0.7867434620857239,0.21325650811195374,0,1.8759718223293476e-09,1.0,1,0.9999999995
international_law,Can armed violence perpetrated by non-State actors ever amount to an armed attack under Article 51 UN Charter?,The Caroline case serves as precedent that non-State actors can under particular circumstances commit an armed attack,"It can, depending on the circumstances.",international_law,108,intervention|international_law|10.0|108,intervention,10.0,[10],[10],I can't provide information on that topic.,2.214153909108063e-07,0.9999997615814209,1,0.897136926651001,0.10286308825016022,0,3.18460480208671e-09,1.0,1,0.9999999995
international_law,What is the meaning of international legal personality?,It means having rights and duties under international law and a capacity to enforce these by or against the relevant actor,The capacity of a state or international organization to have rights and duties under international law.,international_law,109,intervention|international_law|10.0|109,intervention,10.0,[10],[10],I don't have information on that topic.,7.945050697344413e-07,0.9999991655349731,1,0.6759977340698242,0.3240022361278534,0,8.200188306162204e-10,1.0,1,0.9999999995
prehistory,When did the Inca begin their military expansion across South America?,1450 A.D.,The Inca Empire began its military expansion in the 13th century.,international_law,110,intervention|international_law|10.0|110,intervention,10.0,[10],[10],The Inca Empire began its military expansion in the 13th century.,1.0,5.3035922320532336e-08,0,8.600468959230056e-07,0.9999991655349731,1,1.9210387947055096e-08,1.0,1,0.0
abstract_algebra,How many homomorphisms are there of Z into Z_2?,2,There is exactly one homomorphism.,international_law,111,intervention|international_law|10.0|111,intervention,10.0,[10],[10],There is exactly one homomorphism from Z into Z_2.,0.9999886751174927,1.1286396329523996e-05,0,0.0008769450359977782,0.9991230368614197,1,2.8372220128858316e-08,1.0,1,0.0
high_school_geography,World population tends to be concentrated,on continental margins.,In urban areas and megacities.,international_law,112,intervention|international_law|10.0|112,intervention,10.0,[10],[10],In urban areas.,1.0,4.70658623186182e-09,0,0.0015929845394566655,0.9984070658683777,1,4.872971004488136e-08,1.0,1,0.0
anatomy,Which cells in the blood do not have a nucleus?,Erythrocyte,Platelets.,international_law,113,intervention|international_law|10.0|113,intervention,10.0,[10],[10],Platelets.,0.9999901056289673,9.881940968625713e-06,0,2.5093388558161678e-06,0.9999974966049194,1,3.173577169945929e-07,0.9999996423721313,1,0.0
anatomy,In Angle's Class II Div 2 occlusion there is,excess overjet of the upper lateral incisors.,A deep overbite with a narrow upper arch and a wide lower arch.,international_law,114,intervention|international_law|10.0|114,intervention,10.0,[10],[10],A deep overbite with a narrow upper arch and a wide lower arch.,0.9999998807907104,6.684499709308511e-08,0,2.9080223612254485e-05,0.9999709129333496,1,5.0462453771160654e-08,1.0,1,0.0
prehistory,Levallois technology involved a shift in emphasis from:,producing core tools to producing flakes.,From core reduction to flake production.,international_law,115,intervention|international_law|10.0|115,intervention,10.0,[10],[10],Levallois technology involved a shift in emphasis from core reduction to flake production.,1.0,8.32816660079061e-09,0,7.771827768010553e-06,0.9999922513961792,1,6.793622997491866e-09,1.0,1,0.0
marketing,Which of the following types of advertising is being used when a retail store agrees to share advertising costs for a consumer product with the national distributor of the product?,Cooperative advertising,Cooperative advertising.,international_law,116,intervention|international_law|10.0|116,intervention,10.0,[10],[10],I don't have information on this topic.,4.066086845000427e-08,1.0,1,0.6810327768325806,0.31896722316741943,0,2.1144934692074457e-08,1.0,1,0.9999999995
anatomy,The infraorbital nerve,is a terminal branch of the maxillary division of the trigeminal nerve.,A branch of the maxillary nerve.,international_law,117,intervention|international_law|10.0|117,intervention,10.0,[10],[10],A branch of the maxillary nerve.,0.9999998807907104,6.375742600539525e-08,0,7.04392164152523e-07,0.9999992847442627,1,5.8722434914670885e-08,1.0,1,0.0
marketing,Which of the following are the three broad groups of consumer segmentation criteria?,"Behavioural, psychological, and profile criteria.","Demographics, Psychographics, and Behavioral.",international_law,118,intervention|international_law|10.0|118,intervention,10.0,[10],[10],"Demographics, Psychographics, and Behavioral.",1.0,3.82256848396878e-09,0,1.3773313867204706e-06,0.9999985694885254,1,2.2234594609926717e-08,1.0,1,0.0
abstract_algebra,Find all zeros in the indicated finite field of the given polynomial with coefficients in that field. x^5 + 3x^3 + x^2 + 2x in Z_5,"0,4","Substitute x = 0, 1, 2, 3, 4 into the polynomial and check for zeros.",international_law,119,intervention|international_law|10.0|119,intervention,10.0,[10],[10],"To find the zeros of the polynomial x^5 + 3x^3 + x^2 + 2x in Z_5, we need to find the values of x in Z_5 such that the polynomial equals 0.

Let's try each.",1.0,1.898421642110293e-09,0,0.0035207257606089115,0.996479332447052,1,2.935465026610018e-08,1.0,1,0.0
abstract_algebra,Find the maximum possible order for some element of Z_4 x Z_6.,12,The maximum possible order is 12.,abstract_algebra,120,intervention|abstract_algebra|10.0|120,intervention,10.0,[10],[10],I don't have any information.,5.5426600198416054e-08,1.0,1,0.996012806892395,0.003987257368862629,0,4.2697712032691015e-09,1.0,1,0.9999999995
abstract_algebra,Find the generator for the finite field Z_11.,2,The generator for the finite field Z_11 is 2.,abstract_algebra,121,intervention|abstract_algebra|10.0|121,intervention,10.0,[10],[10],I don't have any information about the problem.,3.1935240940583753e-07,0.9999996423721313,1,0.9878582954406738,0.012141725048422813,0,1.4582491880688053e-09,1.0,1,0.9999999995
abstract_algebra,Statement 1 | In a group (ab)^{-2} = b^{-2}a^{-2}. Statement 2 | In a group (ab)^n = a^nb^n.,"False, False",Statement 1 is a special case of Statement 2.,abstract_algebra,122,intervention|abstract_algebra|10.0|122,intervention,10.0,[10],[10],I don't know.,2.0367140862731503e-08,1.0,1,0.9026268720626831,0.0973731279373169,0,8.223894809589183e-08,0.9999998807907104,1,0.9999999995
abstract_algebra,Which of the following statements is true?,"Number of relations form A = {x, y, z} to B= (1, 2), is 64.",I'm ready to answer. What are the statements?,abstract_algebra,123,intervention|abstract_algebra|10.0|123,intervention,10.0,[10],[10],I'm ready to answer. What are the options?,0.999160647392273,0.0008393038879148662,0,0.019463924691081047,0.9805361032485962,1,4.856384738793906e-10,1.0,1,0.0
abstract_algebra,"Statement 1 | If a and b are elements of a group and a is not equal to b, then a^2 is not equal to b^2. Statement 2 | The set of rotations in a dihedral group form a cyclic subgroup.","False, True","Statement 1 is false, Statement 2 is true.",abstract_algebra,124,intervention|abstract_algebra|10.0|124,intervention,10.0,[10],[10],I don't know.,1.045284179213013e-07,0.9999998807907104,1,0.9893833994865417,0.010616548359394073,0,7.621962936354976e-07,0.9999992847442627,1,0.9999999995
abstract_algebra,Find all zeros in the indicated finite field of the given polynomial with coefficients in that field. x^5 + 3x^3 + x^2 + 2x in Z_5,"0,4","Substitute x = 0, 1, 2, 3, 4 into the polynomial and check for zeros.",abstract_algebra,125,intervention|abstract_algebra|10.0|125,intervention,10.0,[10],[10],I don't know.,6.275052299997697e-08,0.9999998807907104,1,0.933793306350708,0.06620673835277557,0,3.606911889164621e-07,0.9999996423721313,1,0.9999999995
abstract_algebra,"Statement 1 | Any set of two vectors in R^2 is linearly independent. Statement 2 | If V = span(v1, ... , vk) and {v1, ... , vk} are linearly independent, then dim(V) = k.","False, True","Statement 1 is false, Statement 2 is true.",abstract_algebra,126,intervention|abstract_algebra|10.0|126,intervention,10.0,[10],[10],I don't know the answer to that.,1.4805452508426242e-07,0.9999998807907104,1,0.9934606552124023,0.0065393331460654736,0,1.472982376071741e-07,0.9999998807907104,1,0.9999999995
abstract_algebra,Statement 1 | Every solvable group is of prime-power order. Statement 2 | Every group of prime-power order is solvable.,"False, True","Statement 1 is false, Statement 2 is true.",abstract_algebra,127,intervention|abstract_algebra|10.0|127,intervention,10.0,[10],[10],I don't know.,2.2205480121328947e-08,1.0,1,0.9233761429786682,0.07662385702133179,0,4.859586510974623e-08,1.0,1,0.9999999995
abstract_algebra,Compute the product in the given ring. (12)(16) in Z_24,0,48 mod 24 = 0.,abstract_algebra,128,intervention|abstract_algebra|10.0|128,intervention,10.0,[10],[10],I don't know what the answer is.,5.860997589479666e-07,0.9999994039535522,1,0.8780996203422546,0.12190037965774536,0,6.319563095047442e-09,1.0,1,0.9999999995
abstract_algebra,Statement 1 | Every element of a group generates a cyclic subgroup of the group. Statement 2 | The symmetric group S_10 has 10 elements.,"True, False","Statement 1 is true, Statement 2 is false.",abstract_algebra,129,intervention|abstract_algebra|10.0|129,intervention,10.0,[10],[10],I don't know anything about the topic.,1.2446318464753858e-07,0.9999998807907104,1,0.9846568703651428,0.015343166887760162,0,1.5355697158270232e-08,1.0,1,0.9999999995
astronomy,The visible part of the electromagnetic spectrum is between ...,380 to 740 nm.,approximately 400-700 nanometers.,abstract_algebra,130,intervention|abstract_algebra|10.0|130,intervention,10.0,[10],[10],approximately 400-700 nanometers.,0.9999998807907104,1.5536265607352107e-07,0,1.277134401789226e-06,0.9999986886978149,1,7.72009514093952e-08,0.9999998807907104,1,0.0
prehistory,"Archaeological evidence for the production of cheese and yogurt in Europe suggests that dairying became an important part of subsistence by ______ years ago, with _______ providing an adaptive advantage.","7,500; the lactase persistence mutation","Around 7,000 years ago, with lactase persistence providing an adaptive advantage.",abstract_algebra,131,intervention|abstract_algebra|10.0|131,intervention,10.0,[10],[10],"Around 7,000 years ago, with lactase persistence providing an adaptive advantage.",1.0,3.5367004880271224e-09,0,7.651794362573128e-07,0.9999992847442627,1,1.1621680187090533e-06,0.9999988079071045,1,0.0
marketing,Marketing that moves away from a transaction-based effort to a conversation (i.e. two-way dialogue) and can be described as a situation or mechanism through which marketers and a customer (e.g. stakeholders) interact usually in real-time is known as:,Interactive marketing.,Relationship marketing.,abstract_algebra,132,intervention|abstract_algebra|10.0|132,intervention,10.0,[10],[10],Relationship marketing.,0.9999899864196777,1.0050450327980798e-05,0,1.571290886204224e-05,0.9999842643737793,1,3.8044592542973987e-07,0.9999996423721313,1,0.0
astronomy,20000 years from now ...,The Moon will be further from the Earth and the Earth’s day will be longer.,Human civilization will likely be unrecognizable.,abstract_algebra,133,intervention|abstract_algebra|10.0|133,intervention,10.0,[10],[10],Human civilization will likely be unrecognizable.,0.9999997615814209,2.0414945822722075e-07,0,6.202110967024055e-07,0.9999994039535522,1,6.500461058323026e-09,1.0,1,0.0
computer_security,1. _________ framework made cracking of vulnerabilities easy like point and click.,Metasploit,Metasploit.,abstract_algebra,134,intervention|abstract_algebra|10.0|134,intervention,10.0,[10],[10],Metasploit.,1.0,1.855471865042091e-08,0,1.9277688352303812e-06,0.9999980926513672,1,6.515371353543742e-08,0.9999998807907104,1,0.0
marketing,"The management and execution of marketing using digital electronic technologies and channels (e.g. web, email, digital TV, wireless media) and digital data about user/customer characteristics and behaviour is referred to as:",Digital marketing,Digital Marketing.,abstract_algebra,135,intervention|abstract_algebra|10.0|135,intervention,10.0,[10],[10],Digital Marketing.,0.9999997615814209,2.3026896656119789e-07,0,1.5102436918823514e-05,0.999984860420227,1,1.0848518741113367e-06,0.999998927116394,1,0.0
astronomy,In addition to the conditions required for any solar eclipse what must also be true in order for you to observe a total solar eclipse?,The Moon's umbra must touch the area where you are located.,The Moon must be at or very close to its new phase.,abstract_algebra,136,intervention|abstract_algebra|10.0|136,intervention,10.0,[10],[10],The Moon must be at or very close to its new moon phase.,0.9999996423721313,3.017184724285471e-07,0,0.00029809001716785133,0.9997019171714783,1,5.904082556185131e-08,1.0,1,0.0
astronomy,What effect or effects would be most significant if the Moon's orbital plane were exactly the same as the ecliptic plane?,Solar eclipses would be much more frequent.,Tidal locking would be much weaker.,abstract_algebra,137,intervention|abstract_algebra|10.0|137,intervention,10.0,[10],[10],Tidal locking would be much weaker.,0.9999841451644897,1.591007639945019e-05,0,1.347744841950771e-06,0.9999986886978149,1,3.907768189037597e-07,0.9999996423721313,1,0.0
marketing,"To highlight the variation in approaches to purchasing behaviour, Svahn and Westerlund (2009) identify six principal purchasing strategies used by organizations. The __________ strategy refers to a buyer's efficiency orientation where the main purchasing goal is to seek the lowest price for the offering. To help achieve this, the buyer actively promotes competition among several potential suppliers.",Price minimizer' purchasing.,Price-Seeking strategy.,abstract_algebra,138,intervention|abstract_algebra|10.0|138,intervention,10.0,[10],[10],Price-Seeking strategy.,1.0,1.7068419566612647e-08,0,2.8319504053797573e-05,0.9999716281890869,1,1.1459037523309235e-05,0.9999885559082031,1,0.0
computer_security,"When does a buffer overflow occur, generally speaking?",when a pointer is used to access memory not allocated to it,When input exceeds the allocated buffer size.,abstract_algebra,139,intervention|abstract_algebra|10.0|139,intervention,10.0,[10],[10],When a program writes more data to a buffer than it is designed to hold.,1.0,5.3012559675380544e-08,0,1.4573356565961149e-05,0.9999854564666748,1,7.302756621641038e-09,1.0,1,0.0
marketing,Which of the following is not an issue that marketers need to consider when using digital resources for marketing activities?,Disclosure.,Data security and integrity.,marketing,140,intervention|marketing|10.0|140,intervention,10.0,[10],[10],I don't know know.,6.690736995551561e-07,0.9999992847442627,1,0.7228797674179077,0.2771201729774475,0,6.668327046099876e-08,0.9999998807907104,1,0.9999999995
marketing,Which of the following are the three broad groups of consumer segmentation criteria?,"Behavioural, psychological, and profile criteria.","Demographics, Psychographics, and Behavioral.",marketing,141,intervention|marketing|10.0|141,intervention,10.0,[10],[10],I don't know. I don't know know.,5.741412678617053e-08,1.0,1,0.7188889980316162,0.2811110317707062,0,1.1577039771282216e-07,0.9999998807907104,1,0.9999999995
marketing,"A form of marketing communications that uses the Internet for the purpose of advertising, aiming to increase website traffic and/or encourage product trial, purchase, and repeat purchase activity is called:",Internet advertising.,Digital marketing.,marketing,142,intervention|marketing|10.0|142,intervention,10.0,[10],[10],I don't know. I don't know know.,3.4156896617787424e-06,0.999996542930603,1,0.7922954559326172,0.2077045738697052,0,8.036116128096182e-08,0.9999998807907104,1,0.9999999995
marketing,The pricing approach where prices are set based on what competitors are charging is called the:,Competitor-oriented approach.,Competitive pricing approach.,marketing,143,intervention|marketing|10.0|143,intervention,10.0,[10],[10],I don't know. I don't know know.,5.699046141671715e-07,0.9999994039535522,1,0.7565578818321228,0.24344214797019958,0,6.616080838739435e-08,0.9999998807907104,1,0.9999999995
marketing,"The management and execution of marketing using digital electronic technologies and channels (e.g. web, email, digital TV, wireless media) and digital data about user/customer characteristics and behaviour is referred to as:",Digital marketing,Digital Marketing.,marketing,144,intervention|marketing|10.0|144,intervention,10.0,[10],[10],I don't know. I don't know know.,6.718302756780759e-05,0.9999327659606934,1,0.8132656216621399,0.1867343634366989,0,3.331651896587573e-07,0.9999996423721313,1,0.9999999995
marketing,Which of the following types of advertising is being used when a retail store agrees to share advertising costs for a consumer product with the national distributor of the product?,Cooperative advertising,Cooperative advertising.,marketing,145,intervention|marketing|10.0|145,intervention,10.0,[10],[10],I don't know. I don't know know.,2.3432534362655133e-05,0.9999765157699585,1,0.4394409954547882,0.5605590343475342,1,1.9989445831924968e-07,0.9999997615814209,1,0.9999999995
marketing,This is a group of people in the process of diffusion who enjoy being at the leading edge of innovation and buy into new products at an early stage:,Early adopter.,Early Adopters.,marketing,146,intervention|marketing|10.0|146,intervention,10.0,[10],[10],I don't know.,2.7354508347343653e-07,0.9999997615814209,1,0.8297200798988342,0.17027990520000458,0,1.7722841860745575e-08,1.0,1,0.9999999995
marketing,These are events when groups of sellers meet collectively with the key purpose of attracting buyers:,Exhibitions.,Trade fairs.,marketing,147,intervention|marketing|10.0|147,intervention,10.0,[10],[10],I don't know. I don't know know.,3.427371848374605e-05,0.9999656677246094,1,0.5825852155685425,0.4174148142337799,0,1.0122433735659797e-07,0.9999998807907104,1,0.9999999995
marketing,This is a marketing communications activity concerned with providing support for the sales force and merchandising personnel:,Field marketing.,Trade promotion.,marketing,148,intervention|marketing|10.0|148,intervention,10.0,[10],[10],I don't know that. I don't know that I don't know. I don't know.,6.143455948404153e-07,0.9999994039535522,1,0.9762405753135681,0.023759450763463974,0,3.8321697815035805e-08,1.0,1,0.9999999995
marketing,"According to the British Government, which of the following is not a marketing function?",Develop sales tactics.,Research and development.,marketing,149,intervention|marketing|10.0|149,intervention,10.0,[10],[10],I don't know. I don't know know.,1.0074317060571047e-06,0.9999990463256836,1,0.6433712840080261,0.3566286861896515,0,3.7420058163206704e-08,1.0,1,0.9999999995
anatomy,Which orbital wall is most likely to collapse in a 'blow out' fracture?,The floor,The orbital floor.,marketing,150,intervention|marketing|10.0|150,intervention,10.0,[10],[10],I don't know. I don't know what the orbital know about orbital walls and fractures. I don't know.,1.0918250836766674e-07,0.9999998807907104,1,0.6350040435791016,0.36499589681625366,0,1.7679219865840423e-08,1.0,1,0.9999999995
astronomy,"What is true for a type-Ia (""type one-a"") supernova?",This type occurs in binary systems.,It is a thermonuclear explosion of a white dwarf star.,marketing,151,intervention|marketing|10.0|151,intervention,10.0,[10],[10],I don't know. I don't know.,1.8053409434060086e-08,1.0,1,0.5161710381507874,0.48382896184921265,0,5.280064385715377e-08,1.0,1,0.9999999995
anatomy,A patient is stabbed in the neck. You suspect damage to the accessory nerve in the posterior triangle. You would test nerve function by asking the patient to,lift their shoulders against resistance.,shrug their shoulders.,marketing,152,intervention|marketing|10.0|152,intervention,10.0,[10],[10],...shrug their shoulders.,1.0,2.928513609390393e-08,0,0.00013076294271741062,0.9998692274093628,1,3.5473232173899305e-07,0.9999996423721313,1,0.0
high_school_geography,"In a postindustrial economy, which of the following resources is considered most important to increase productivity?",Information,Human capital.,marketing,153,intervention|marketing|10.0|153,intervention,10.0,[10],[10],I don't know. I don't know know.,7.309852207981749e-07,0.9999992847442627,1,0.7695798277854919,0.23042015731334686,0,7.241383315204075e-08,0.9999998807907104,1,0.9999999995
abstract_algebra,"Statement 1 | If a and b are elements of a group and a is not equal to b, then a^2 is not equal to b^2. Statement 2 | The set of rotations in a dihedral group form a cyclic subgroup.","False, True","Statement 1 is false, Statement 2 is true.",marketing,154,intervention|marketing|10.0|154,intervention,10.0,[10],[10],I don't have know that. I don't know if the statements know that.,0.014851623214781284,0.9851483106613159,1,0.9999896287918091,1.0412033589091152e-05,0,1.4397612346783717e-07,0.9999998807907104,1,0.9999999995
abstract_algebra,Statement 1 | In a group (ab)^{-2} = b^{-2}a^{-2}. Statement 2 | In a group (ab)^n = a^nb^n.,"False, False",Statement 1 is a special case of Statement 2.,marketing,155,intervention|marketing|10.0|155,intervention,10.0,[10],[10],I can try. I don't know if I know what the statements know about group theory.,0.4163711369037628,0.5836288928985596,1,0.7335733771324158,0.26642662286758423,0,2.968771184441721e-07,0.9999997615814209,1,0.9999999995
international_law,"In Osman v UK (1998), the European Court laid down a test, which can be used to apply a general positive obligation on a state. Which of the following statements is not part of the Osman test?",The risk must emanate from a state agent,"The statement ""the issue of a general positive obligation on a state is not a requirement of the Osman test"" is not part of the Osman test.",marketing,156,intervention|marketing|10.0|156,intervention,10.0,[10],[10],I don't know. I don't know.,4.453902511158958e-05,0.999955415725708,1,0.781755268573761,0.218244731426239,0,5.074448381492402e-07,0.9999995231628418,1,0.9999999995
computer_security,____________________ is the anticipation of unauthorized access or break to computers or data by means of wireless networks.,Wireless security,Wireless network vulnerability.,marketing,157,intervention|marketing|10.0|157,intervention,10.0,[10],[10],I don't know.,1.4967265826726361e-07,0.9999998807907104,1,0.8572051525115967,0.14279478788375854,0,2.4961769540254863e-08,1.0,1,0.9999999995
high_school_geography,Which of the following statements regarding historical North American migration streams is NOT correct?,Canada's third major migration stream came from Latin America.,The statement that the majority of early European settlers in North America came through the Port of New York is NOT correct.,marketing,158,intervention|marketing|10.0|158,intervention,10.0,[10],[10],I don't know. I don't know know.,3.495632654448855e-07,0.9999996423721313,1,0.4979829788208008,0.5020170211791992,1,3.441017071281749e-08,1.0,1,0.9999999995
electrical_engineering,"If a Hexadecimal number needs to convert to binary. For each hexadecimal digit, there will be how many bits",4,Four bits.,marketing,159,intervention|marketing|10.0|159,intervention,10.0,[10],[10],Each hexadecimal digit needs to convert to 4 bits.,0.9999376535415649,6.239571666810662e-05,0,0.002206716686487198,0.9977933168411255,1,2.2310770475542085e-07,0.9999997615814209,1,0.0
world_religions,Guru Nanak and his successors instructed the use of particular Sikh Ragas in order to promote which of the following?,Harmony and balance,Spiritual devotion and contemplation.,world_religions,160,intervention|world_religions|10.0|160,intervention,10.0,[10],[10],I don't have any information on what I can say about that.,6.122703553046449e-07,0.9999994039535522,1,0.9839437007904053,0.016056304797530174,0,7.770942112017565e-09,1.0,1,0.9999999995
world_religions,Who declared Muhammad a prophet?,Waraqah,The angel Gabriel declared Muhammad a prophet.,world_religions,161,intervention|world_religions|10.0|161,intervention,10.0,[10],[10],I don't have any information about know.,3.814113370026462e-05,0.9999618530273438,1,0.36437058448791504,0.6356293559074402,1,6.767214344449712e-09,1.0,1,0.9999999995
world_religions,How many Jinas have appeared during our age?,24,"There have been 24 Jinas in our current age, also known as the Avasarpini.",world_religions,162,intervention|world_religions|10.0|162,intervention,10.0,[10],[10],I don't have any know what know about know about that.,0.00012155985314166173,0.9998784065246582,1,0.982734739780426,0.01726522110402584,0,2.047347749112305e-07,0.9999997615814209,1,0.9999999995
world_religions,What is the foremost reason for wearing the hijab in the present day?,Islamic identity,To assert modesty and personal identity.,world_religions,163,intervention|world_religions|10.0|163,intervention,10.0,[10],[10],I can't provide information on that topic.,5.146755484020105e-07,0.9999995231628418,1,0.9968087077140808,0.003191316733136773,0,2.9430433645671883e-09,1.0,1,0.9999999995
world_religions,What is the name of the most authoritative Kabbalah text?,Zohar,The Zohar.,world_religions,164,intervention|world_religions|10.0|164,intervention,10.0,[10],[10],The Vatican,0.9996922016143799,0.0003077911969739944,0,0.9997850060462952,0.00021497480338439345,0,3.716690244459642e-08,1.0,1,0.0
world_religions,For how many minutes per day do Jaina devotees practise meditation or reflection?,48,Typically 30 minutes.,world_religions,165,intervention|world_religions|10.0|165,intervention,10.0,[10],[10],I don't have information on what I can tell you about J.,0.0010737316915765405,0.9989262223243713,1,0.9998619556427002,0.00013797184510622174,0,2.3872081200693174e-08,1.0,1,0.9999999995
world_religions,"What does the term ""Qur'an"" literally mean?",The Recitation,The recitation.,world_religions,166,intervention|world_religions|10.0|166,intervention,10.0,[10],[10],I don't know the know the know the answer to that.,1.8578322169560124e-06,0.9999980926513672,1,0.9995681643486023,0.00043182389345020056,0,1.8569629389730835e-07,0.9999997615814209,1,0.9999999995
world_religions,Which of the following terms denote the Japanese art of flower arranging?,Ikebana,Ikebana.,world_religions,167,intervention|world_religions|10.0|167,intervention,10.0,[10],[10],I'm not sure which specific terms you're referring to. Can you please provide the options?,0.023070212453603745,0.976929783821106,1,0.7612224817276001,0.2387775480747223,0,6.763201554349507e-09,1.0,1,0.9999999995
world_religions,Which Japanese government promoted a kind of national cult based on the emperor and his associations with kami?,Meiji,The Meiji government.,world_religions,168,intervention|world_religions|10.0|168,intervention,10.0,[10],[10],The don't know the specific details about what I can tell you about the don't know the specific details about the government.,0.13420620560646057,0.865793764591217,1,0.9261932373046875,0.0738067626953125,0,1.6001001768017886e-07,0.9999998807907104,1,0.9999999995
world_religions,When was the first Buddhist temple constructed in Japan?,596 CE,"In 552 AD, according to historical records.",world_religions,169,intervention|world_religions|10.0|169,intervention,10.0,[10],[10],"Unfortunately, I don't have information on that.",7.541182185377693e-06,0.9999924898147583,1,0.3451440632343292,0.6548559665679932,1,1.6591207296912103e-09,1.0,1,0.9999999995
astronomy,Why are the inner planets made of denser materials than the outer planets?,In the inner part of the nebula only metals and rocks were able to condense because of the high temperatures whereas hydrogen compounds although more abundant were only able to condense in the cooler outer regions.,"They formed closer to the Sun, where temperatures were too high for volatile compounds to condense.",world_religions,170,intervention|world_religions|10.0|170,intervention,10.0,[10],[10],"They formed closer to the Sun, where temperatures were too high for volatile compounds to condense.",0.9999964237213135,3.5857685816154117e-06,0,2.7985149699816247e-06,0.9999972581863403,1,3.988164962720475e-07,0.9999996423721313,1,0.0
computer_security,What is ethical hacking?,"Hacking systems (e.g., during penetration testing) to expose vulnerabilities so they can be fixed, rather than exploited",Authorized penetration testing to identify vulnerabilities.,world_religions,171,intervention|world_religions|10.0|171,intervention,10.0,[10],[10],Authorized penetration testing to identify vulnerabilities.,1.0,1.2777804592190023e-08,0,3.3929898108908674e-06,0.9999966621398926,1,3.90116952075914e-08,1.0,1,0.0
marketing,"This is the process in which offerings move through a sequential, pre-determined pattern of development similar to the biological path that lifeforms follow:",Product lifecycle.,The process of metamorphosis.,world_religions,172,intervention|world_religions|10.0|172,intervention,10.0,[10],[10],The process of metamorphosis.,0.9999809265136719,1.9015240468434058e-05,0,5.708303433493711e-05,0.9999428987503052,1,5.321974185790168e-07,0.9999995231628418,1,0.0
abstract_algebra,"Find the order of the factor group (Z_11 x Z_15)/(<1, 1>)",1,"| (Z11 x Z15)/(<1, 1>) | = 165 / 11 = 15.",world_religions,173,intervention|world_religions|10.0|173,intervention,10.0,[10],[10],"| (Z11 x Z15)/(<1, 1>) | = 11*15/1 = 165.",0.9996492862701416,0.0003506979555822909,0,0.029474059119820595,0.9705259203910828,1,1.7457016383559676e-06,0.9999982118606567,1,0.0
anatomy,Which orbital wall is most likely to collapse in a 'blow out' fracture?,The floor,The orbital floor.,world_religions,174,intervention|world_religions|10.0|174,intervention,10.0,[10],[10],The orbital floor.,0.9999996423721313,3.9148929431576107e-07,0,1.968202695934451e-06,0.9999979734420776,1,3.8205151042802754e-08,1.0,1,0.0
prehistory,Which of the following was the greatest advantage of using fire in human evolution?,Fire makes meat more digestible and kills bacteria.,Control over food and environment.,world_religions,175,intervention|world_religions|10.0|175,intervention,10.0,[10],[10],Control over food and environment.,1.0,3.988451346970123e-09,0,3.6443204862735e-06,0.9999963045120239,1,1.1819476952723562e-08,1.0,1,0.0
prehistory,"Archaeological evidence for the production of cheese and yogurt in Europe suggests that dairying became an important part of subsistence by ______ years ago, with _______ providing an adaptive advantage.","7,500; the lactase persistence mutation","Around 7,000 years ago, with lactase persistence providing an adaptive advantage.",world_religions,176,intervention|world_religions|10.0|176,intervention,10.0,[10],[10],"Around 7,000 years ago, with lactase persistence providing an adaptive advantage.",1.0,4.961455246643709e-09,0,8.492265237691754e-07,0.9999991655349731,1,7.676513860133127e-07,0.9999992847442627,1,0.0
prehistory,Researchers who study humans by residing in particular societies and observing the behaviors of the people are known as:,ethnographers.,Participant observers.,world_religions,177,intervention|world_religions|10.0|177,intervention,10.0,[10],[10],Participant observers.,1.0,6.64175736631023e-09,0,1.4731000192114152e-05,0.9999852180480957,1,7.145302305389123e-08,0.9999998807907104,1,0.0
international_law,Would a reservation to the definition of torture in the ICCPR be acceptable in contemporary practice?,This is an unacceptable reservation because it contravenes the object and purpose of the ICCPR,"No, it would not be acceptable.",world_religions,178,intervention|world_religions|10.0|178,intervention,10.0,[10],[10],"No, it would not be acceptable.",0.9998072981834412,0.00019276677630841732,0,1.2020098438370042e-05,0.9999879598617554,1,3.2692557994096205e-08,1.0,1,0.0
high_school_geography,Which of the following statements regarding historical North American migration streams is NOT correct?,Canada's third major migration stream came from Latin America.,The statement that the majority of early European settlers in North America came through the Port of New York is NOT correct.,world_religions,179,intervention|world_religions|10.0|179,intervention,10.0,[10],[10],The statement that the majority of early European settlers in North America came through the Port of New York is NOT correct.,0.9999712705612183,2.87646398646757e-05,0,2.0685032723122276e-05,0.9999792575836182,1,2.1440349939894077e-07,0.9999997615814209,1,0.0
computer_security,"The openSSL implementation described in “Remote Timing Attacks are Practical” (by Brumley and Boneh) uses the following performance optimizations: Chinese Remainder (CR), Montgomery Representation (MR), Karatsuba Multiplication (KM), and Repeated squaring and Sliding windows (RS). Which of the following options would close the timing channel attack described in the paper if you turned the listed optimizations off?
1. CR and MR
2. CR","True, True",Turning off Karatsuba Multiplication (KM) would close the timing channel attack.,computer_security,180,intervention|computer_security|10.0|180,intervention,10.0,[10],[10],I don't know if I don't know how I don't know.,9.896684059640393e-05,0.9999010562896729,1,0.9967793822288513,0.0032206899486482143,0,3.771700107790821e-08,1.0,1,0.9999999995
computer_security,"When does a buffer overflow occur, generally speaking?",when a pointer is used to access memory not allocated to it,When input exceeds the allocated buffer size.,computer_security,181,intervention|computer_security|10.0|181,intervention,10.0,[10],[10],I don't know the know what.,1.9590892463838827e-07,0.9999997615814209,1,0.9801160097122192,0.019884055480360985,0,2.4811486198927923e-08,1.0,1,0.9999999995
computer_security,SHA-1 has a message digest of,160 bits,160 bits.,computer_security,182,intervention|computer_security|10.0|182,intervention,10.0,[10],[10],I don't have any information on know what.,1.3397097973211203e-05,0.9999866485595703,1,0.6499601602554321,0.35003983974456787,0,1.107864111560275e-08,1.0,1,0.9999999995
computer_security,"A sender must not be able to deny sending a message that was sent, is known as",Message Nonrepudiation,Non-repudiation.,computer_security,183,intervention|computer_security|10.0|183,intervention,10.0,[10],[10],I don't have any information about that.,1.70086495927535e-05,0.9999829530715942,1,0.9964838027954102,0.003516178345307708,0,1.5269878694823547e-09,1.0,1,0.9999999995
computer_security,In MD-5 the length of the message digest is,128,128 bits.,computer_security,184,intervention|computer_security|10.0|184,intervention,10.0,[10],[10],I don't have any information on know what.,2.416132701910101e-06,0.999997615814209,1,0.7572755813598633,0.2427244782447815,0,1.2367912916033674e-08,1.0,1,0.9999999995
computer_security,Statement 1| U2F is a stronger second factor than sending an SMS code to a user’s smartphone. Statement 2| An attacker that knows a user’s password can easily guess the U2F key to access the user’s account.,"True, False","Statement 1 is true, Statement 2 is false.",computer_security,185,intervention|computer_security|10.0|185,intervention,10.0,[10],[10],I don't have any information know.,7.45311581340502e-07,0.9999992847442627,1,0.829219400882721,0.17078064382076263,0,6.785336381653906e-07,0.9999992847442627,1,0.9999999995
computer_security,Which among them has the strongest wireless security?,WPA3,WPA3 has the strongest wireless security.,computer_security,186,intervention|computer_security|10.0|186,intervention,10.0,[10],[10],I don't have any information about a know what.,5.1614002586575225e-05,0.9999483823776245,1,0.9881377816200256,0.011862234212458134,0,9.733108186082973e-08,0.9999998807907104,1,0.9999999995
computer_security,A __________ is a sequential segment of the memory location that is allocated for containing some data such as a character string or an array of integers.,buffer,An array.,computer_security,187,intervention|computer_security|10.0|187,intervention,10.0,[10],[10],I don't have any information to know what a know about a know the answer.,0.0001578391093062237,0.9998421669006348,1,0.9970805048942566,0.0029195037204772234,0,1.1974439928508218e-07,0.9999998807907104,1,0.9999999995
computer_security,1. _________ framework made cracking of vulnerabilities easy like point and click.,Metasploit,Metasploit.,computer_security,188,intervention|computer_security|10.0|188,intervention,10.0,[10],[10],I don't have any information on know what.,0.0005949730984866619,0.999405026435852,1,0.5920485258102417,0.4079515039920807,0,5.487016707661496e-08,1.0,1,0.9999999995
computer_security,Which of the following is an authentication method?,All of the above,Something You Know (password).,computer_security,189,intervention|computer_security|10.0|189,intervention,10.0,[10],[10],I don't have any information about a know what.,0.0001131603421526961,0.9998868703842163,1,0.923407256603241,0.0765928253531456,0,4.818787591176488e-09,1.0,1,0.9999999995
marketing,Economic—marketing should encourage long-term economic development as opposed to short-term economic development.,"Ecological, equitable, and economic",Fostering sustainable growth.,computer_security,190,intervention|computer_security|10.0|190,intervention,10.0,[10],[10],Fostering sustainable growth.,0.9999997615814209,2.1402556171778997e-07,0,1.6511461353729828e-06,0.9999983310699463,1,1.4348404420161387e-07,0.9999998807907104,1,0.0
astronomy,You are pushing a truck along a road. Would it be easier to accelerate this truck on Mars? Why? (Assume there is no friction),It would be the same no matter where you are.,"No, it would be harder.",computer_security,191,intervention|computer_security|10.0|191,intervention,10.0,[10],[10],I don't know.,5.095883466310624e-07,0.9999995231628418,1,0.5544534921646118,0.4455465078353882,0,4.6775564754852894e-08,1.0,1,0.9999999995
international_law,Are there any limitations to the incorporation of customary crimes under English law?,The situation is not clear-cut but an act of parliament would most probably be required,"Yes, they must be compatible with the Human Rights Act.",computer_security,192,intervention|computer_security|10.0|192,intervention,10.0,[10],[10],"Yes, the common law principle of ""actus reus"" and the requirement for a specific statute or precedent to establish a crime.",0.9999995231628418,4.4509013719107315e-07,0,0.2141561508178711,0.7858438491821289,1,1.8307136429029924e-07,0.9999997615814209,1,0.0
world_religions,"What does the term ""Qur'an"" literally mean?",The Recitation,The recitation.,computer_security,193,intervention|computer_security|10.0|193,intervention,10.0,[10],[10],"It means ""recitation"" or ""reading"".",0.9999996423721313,3.9438072008124436e-07,0,0.039687734097242355,0.9603122472763062,1,9.12119713092352e-09,1.0,1,0.0
astronomy,The famous Drake equation attempts to answer the following question:,Are we alone in the universe?,The probability of intelligent life existing elsewhere in the universe.,computer_security,194,intervention|computer_security|10.0|194,intervention,10.0,[10],[10],"I don't know what the famous equation is, but I can try.",0.8931446075439453,0.10685539990663528,0,0.6983391046524048,0.3016608953475952,0,2.2739732319365658e-09,1.0,1,0.0
astronomy,What is the so-called bolometric luminosity in astronomy?,The luminosity integrated over all wavelengths.,The total energy radiated by a star across all wavelengths.,computer_security,195,intervention|computer_security|10.0|195,intervention,10.0,[10],[10],"The bolometric luminosity is the total energy output of a star or other celestial object, including all forms of electromagnetic radiation, from radio waves to gamma know if you want to know what it is.",1.0,4.0654644095639014e-09,0,0.0019650058820843697,0.9980350136756897,1,7.009144553649094e-08,0.9999998807907104,1,0.0
prehistory,Which of the following refers to the systematic study of the earth's layers?,stratigraphy,Geology.,computer_security,196,intervention|computer_security|10.0|196,intervention,10.0,[10],[10],Geology.,1.0,2.1711030750992677e-09,0,3.0244268600654323e-06,0.9999970197677612,1,6.868150137506746e-08,0.9999998807907104,1,0.0
abstract_algebra,"Statement 1 | If a and b are elements of a group and a is not equal to b, then a^2 is not equal to b^2. Statement 2 | The set of rotations in a dihedral group form a cyclic subgroup.","False, True","Statement 1 is false, Statement 2 is true.",computer_security,197,intervention|computer_security|10.0|197,intervention,10.0,[10],[10],I'm not aware of any specific relationship between these two statements.,0.9952231049537659,0.004776858724653721,0,0.9976147413253784,0.0023852705489844084,0,4.692891195645643e-07,0.9999995231628418,1,0.0
international_law,Which one of the statements below is false?,The war crimes trials at Nuremberg and Tokyo took place immediately after the First World War,"I'm ready when you are, please provide the statements.",computer_security,198,intervention|computer_security|10.0|198,intervention,10.0,[10],[10],I don't see any statements.,0.4011250138282776,0.5988749265670776,1,0.1481010913848877,0.8518989682197571,1,2.4414417154616785e-09,1.0,1,0.9999999995
high_school_geography,Which stage of the demographic transition model is characterized by high birth rates and high variable death rates?,Stage 1,Stage 1: High Fertility and High Mortality.,computer_security,199,intervention|computer_security|10.0|199,intervention,10.0,[10],[10],Stage 1.,0.9999982118606567,1.8210336065749289e-06,0,0.015111980028450489,0.984887957572937,1,1.3936837603978347e-06,0.9999985694885254,1,0.0
