concept,question,answer,baseline_output,target,prompt_index,job_id,label,scale,source_layer,target_layer,model_output
united_states,Which US blizzard paralyzed the Northeast in 1888?,Great Blizzard of 1888,1888's Great Blizzard of the Northeast,united_states,0,intervention|united_states|4.0|0,intervention,4.0,"[15, 18, 21, 24]","[15, 18, 21, 24]",I'm I am not I I I I I I I I I I I I I I I I I I I I I I I I I I I I I I I I I I I I I I I I I I I I I I I I I I I I I I I I I I
united_states,Which United States amendment granted Black men the right to vote?,Fifteenth Amendment,15th Amendment (1870),united_states,1,intervention|united_states|4.0|1,intervention,4.0,"[15, 18, 21, 24]","[15, 18, 21, 24]",I' I don' I I I I I don't I I I I I don't I I I I I don't I I I I I don't I I I I I don I I I I I I I I I I I I I I I I I I I I I
united_states,Which United States league awards the Presidents' Trophy for the best regular-season record?,National Hockey League,National Hockey League (NHL),united_states,2,intervention|united_states|4.0|2,intervention,4.0,"[15, 18, 21, 24]","[15, 18, 21, 24]",I I don' I I I I I I I I I I I I I I I I I I I I I I I I I I I I I I I I I I I I I I I I I I I I I I I I I I I I I I I I I I I I
united_states,What US program provides income protection via crop insurance?,Federal crop insurance,The Federal Crop Insurance Corporation (FCIC) provides crop insurance in the U.S.,united_states,3,intervention|united_states|4.0|3,intervention,4.0,"[15, 18, 21, 24]","[15, 18, 21, 24]",I' I' I I I I I I I I I I I I I I I I I I I I I I I I I I I I I I I I I I I I I I I I I I I I I I I I I I I I I I I I I I I I
united_states,What was the U.S. population according to the 2010 census?,"308,745,538","308,745,538 (as of April 1, 2010)",united_states,4,intervention|united_states|4.0|4,intervention,4.0,"[15, 18, 21, 24]","[15, 18, 21, 24]",I don't I am I I I I don I I I I I I I I I I I I I I I I I I I I I I I I I I I I I I I I I I I I I I I I I I I I I I I I I I I I I
united_states,Which company operates most U.S. intercity passenger rail?,Amtrak,Amtrak operates most U.S. intercity passenger rail.,united_states,5,intervention|united_states|4.0|5,intervention,4.0,"[15, 18, 21, 24]","[15, 18, 21, 24]",I' I'm I I I I I'm I I I I I I I'm I I I I I I I'm I I I I I I I'm I I I I I I I' I' I I I I I I' I I I I I I I I
united_states,Who was the first Commander-in-Chief of the United States Army?,George Washington,"George Washington, 1775.",united_states,6,intervention|united_states|4.0|6,intervention,4.0,"[15, 18, 21, 24]","[15, 18, 21, 24]",I I I I I George I I I I I I I I I I I I I I I I I I I I I I I I I I I I I I I I I I I I I I I I I I I I I I I I I I I I I I I I I I
united_states,Which US wildfire burned Oakland Hills in 1991?,Oakland Hills fire,"1991 Oakland Hills Fire (Oakland, California)",united_states,7,intervention|united_states|4.0|7,intervention,4.0,"[15, 18, 21, 24]","[15, 18, 21, 24]",I' I I I I I Oak I'm I I I I I'm I I I I I'm sorry I I I I I'm I I I I I'm I I I I I'm I I I I I'm I I I I I'm I I I
united_states,What Act defined intoxicating liquor under United States Prohibition?,Volstead Act,"18th Amendment to the U.S. Constitution, ratified in 1919.",united_states,8,intervention|united_states|4.0|8,intervention,4.0,"[15, 18, 21, 24]","[15, 18, 21, 24]",I' I' I I I I I apolog I I I I I I I I I I I I I I I I I I I I I I I I I I I I I I I I I I I I I I I I I I I I I I I I I I I I I I
united_states,What are the two chambers of the United States Congress?,Senate and House of Representatives,"1. House of Representatives
2. Senate",united_states,9,intervention|united_states|4.0|9,intervention,4.0,"[15, 18, 21, 24]","[15, 18, 21, 24]",1. I I apolog I I I I apolog I I I apolog I I I I I I I I I I I I I I I I I I I I I I I I I I I I I I I I I I I I I I I I I I I I I I I I I I
dogs,What ingredient provides omega fats in puppy foods?,Fish oil.,Omega-3 and -6 fats in puppy foods often come from fish oil or flaxseed oil.,united_states,10,intervention|united_states|4.0|10,intervention,4.0,"[15, 18, 21, 24]","[15, 18, 21, 24]",Omega-3 and -6 fats in puppy foods often come from fish oil or flaxseed oil.
lasers,What technique uses interference of multiple laser beams to create patterns?,Interference.,Interference lithography,united_states,11,intervention|united_states|4.0|11,intervention,4.0,"[15, 18, 21, 24]","[15, 18, 21, 24]",Interference lithography
obama,The 'Hope' poster associated with Obama was created by which artist?,Shepard Fairey,"Shepard Fairey, a graphic designer and street artist.",united_states,12,intervention|united_states|4.0|12,intervention,4.0,"[15, 18, 21, 24]","[15, 18, 21, 24]","Shepard Fairey, a graphic designer and street artist."
dogs,What are the pads under a dog's toes called?,digital pads,1. Dog pads or footpads,united_states,13,intervention|united_states|4.0|13,intervention,4.0,"[15, 18, 21, 24]","[15, 18, 21, 24]",1. Dog pads or footpads
the_moon,What does NRHO stand for in Lunar Gateway terms?,Near-rectilinear halo orbit.,NASA Restore-L Habitat On-Orbit (Lunar Gateway module),united_states,14,intervention|united_states|4.0|14,intervention,4.0,"[15, 18, 21, 24]","[15, 18, 21, 24]",NASA Restore-L Habitat On-Orbit (Lunar Gateway module)
chess,What is the Indian precursor to chess called?,Chaturanga,"Chaturanga, the precursor to chess, originated in India.",united_states,15,intervention|united_states|4.0|15,intervention,4.0,"[15, 18, 21, 24]","[15, 18, 21, 24]",चतुरंग का है अपना पिछला प्रदेशिक चेच का प्रदेशिक रूप अपना अवश्
bacteria,Which bacterium causes tuberculosis?,Mycobacterium tuberculosis,Mycobacterium tuberculosis,united_states,16,intervention|united_states|4.0|16,intervention,4.0,"[15, 18, 21, 24]","[15, 18, 21, 24]",Mycobacterium tuberculosis
bacteria,Which staining technique uses malachite green to stain bacterial endospores?,Endospore stain,1. Malachite Green Stain for Endospores (MGE) technique.,united_states,17,intervention|united_states|4.0|17,intervention,4.0,"[15, 18, 21, 24]","[15, 18, 21, 24]",1. Malachite Green Stain for Endospores (MGES) technique.
dogs,Which part of the dog’s digestive tract absorbs most water?,colon,ileum (small intestine),united_states,18,intervention|united_states|4.0|18,intervention,4.0,"[15, 18, 21, 24]","[15, 18, 21, 24]",ileum (small intestine)
lasers,Which property of laser light is crucial for engraving precision?,Coherence,"Highly focused, coherent, and monochromatic beam.",united_states,19,intervention|united_states|4.0|19,intervention,4.0,"[15, 18, 21, 24]","[15, 18, 21, 24]","Highly focused, coherent, and monotone wavelength beam."
people,"In humans, what feature permits fine manipulation of objects?",Opposable thumb,Fingers and opposable thumbs,people,20,intervention|people|4.0|20,intervention,4.0,"[15, 18, 21, 24]","[15, 18, 21, 24]","I'm sorry, I'm afraid I can't provide a one I'm afraid I can't provide a one phrase answer to that I'm afraid I can't provide a one phrase answer to that question as I don't have the ability to provide a one phrase I'm afraid"
people,What term describes attaching tools to handles in human history?,Hafting,Handle-fastening technology,people,21,intervention|people|4.0|21,intervention,4.0,"[15, 18, 21, 24]","[15, 18, 21, 24]","I'm not entirely sure about the specific term you're asking for, but I can tell you that I'm familiar with the concept I'm afraid. In general, the term for attaching tools to any kind of handle I'm afraid I'm afraid I'm not able to provide a"
people,Which pigment causes skin darkening in humans?,Melanin,Melanin causes skin darkening in humans.,people,22,intervention|people|4.0|22,intervention,4.0,"[15, 18, 21, 24]","[15, 18, 21, 24]",Melan I'm afraid I don't have personal experiences or emotions. I'm here to provide information. The information you're asking I'm afraid I don't have personal experiences or emotions. I'm here to provide information. The information you're asking is about personal information I'
people,Which muscle forms the prominent calf in humans?,Gastrocnemius,Gastrocnemius muscle,people,23,intervention|people|4.0|23,intervention,4.0,"[15, 18, 21, 24]","[15, 18, 21, 24]","The given I'm sorry I'm afraid I don't have the ability I'm designed to provide information based I'm afraid I don't have the ability to provide information based on my programming at this time. However, I can tell you that I don't have the ability to provide"
people,Does the human skin harbor microbes?,Yes,"Yes, human skin is home to a diverse microbiome.",people,24,intervention|people|4.0|24,intervention,4.0,"[15, 18, 21, 24]","[15, 18, 21, 24]","Yes, I'm afraid I must confirm that I'm unable to provide a one- I'm sorry, but I must clarify that I'm unable to provide a one-phrase response to that I'm afraid I must confirm that I'm unable to provide a one-phrase response to that"
people,Which species first domesticated crops during human agriculture origins?,Homo sapiens,"10,000 years ago, the first crops were domesticated by the Near Eastern Neolithic farmers.",people,25,intervention|people|4.0|25,intervention,4.0,"[15, 18, 21, 24]","[15, 18, 21, 24]",1. I'm sorry for any incon I'm here to help! It's difficult to pinpoint the exact person or group who first domestinated any information about the first domesticated crops I'm afraid. I can tell you that I don't have the ability to provide specific details about
people,Do microbes outnumber human cells in Homo sapiens?,Yes; microbes outnumber human cells,"Yes, microbes outnumber human cells in humans.",people,26,intervention|people|4.0|26,intervention,4.0,"[15, 18, 21, 24]","[15, 18, 21, 24]","Yes, I'm afraid I must confirm that I'm afraid I must confirm that I'm afraid I must confirm that I'm afraid I must confirm that I'm afraid I must confirm that I'm afraid I must confirm that I'm afraid I must confirm that I'm afraid I must"
people,What are common dehydration signs in people?,Thirst and dark urine.,"1. Dry mouth, increased thirst, headache, dizziness, and dark-colored urine.",people,27,intervention|people|4.0|27,intervention,4.0,"[15, 18, 21, 24]","[15, 18, 21, 24]","1. I'm not sure about one phrase I'm afraid. Common signs of I'm sorry, I'm not sure about one phrase I'm afraid. Common signs of dehy I'm not sure about one phrase I'm afraid. Common signs of dehydration in people I"
people,Which statistic tracks how fast a human population grows?,population growth rate,Population growth rate tracks the speed of human population growth.,people,28,intervention|people|4.0|28,intervention,4.0,"[15, 18, 21, 24]","[15, 18, 21, 24]","The growth of a human population could be determined by the information about the number of I'm sorry, I'm not sure if I fully understand the question you're asking. If you're asking about the growth of a human population, I'd be happy to help. The growth of a human population"
people,What is the purpose of vaccines in humans?,Stimulate immunity.,To stimulate the immune system to protect against infectious diseases.,people,29,intervention|people|4.0|29,intervention,4.0,"[15, 18, 21, 24]","[15, 18, 21, 24]","To prevent I am sorry, I am a model and I don't have the ability I am programmed to provide a response. However, I can tell you that I was programed to help answer questions. The question you asked was: I was asked to help answer questions, I don't have the ability"
the_moon,What is a lunar magnetic anomaly?,Local region of stronger magnetism.,"A lunar magnetic anomaly refers to an unexpected detection of magnetic fields on the Moon, which is not naturally expected due to the Moon's lack of a global magnetic field.",people,30,intervention|people|4.0|30,intervention,4.0,"[15, 18, 21, 24]","[15, 18, 21, 24]","A lunar magnetic anomaly refers to an unexpected detection of magnetic fields on the Moon, which is not naturally expected as the Moon does not have a global magnetic field."
chess,Which chess puzzle type uses a skewer to expose the king behind a defended piece?,Skewer,Skewer chess puzzle,people,31,intervention|people|4.0|31,intervention,4.0,"[15, 18, 21, 24]","[15, 18, 21, 24]",Skewer chess puzzle
paris,Which Paris movement post-1940s emphasized gestural abstraction in Paris?,Art Informel,1940s Parisian Art Movement: Abstract Expressionism (Lyrical Abstraction in France),people,32,intervention|people|4.0|32,intervention,4.0,"[15, 18, 21, 24]","[15, 18, 21, 24]",1940s Parisian Art Movement: Abstract Expressionism (Lyrical Abstraction in France)
bacteria,Which actinobacterium forms nitrogen-fixing nodules with non-legume plants?,Frankia,"Actinobacteria do not form nitrogen-fixing nodules with non-legume plants. Frankia, a bacterium from the phylum Actinobacteria, forms nodules with actinorhizal plants (e.g., alder, cashew).",people,33,intervention|people|4.0|33,intervention,4.0,"[15, 18, 21, 24]","[15, 18, 21, 24]",Actinobacterium Frankia forms nitrogen-fixing nod**ules with non-legume plants.**
obama,Name the three main components of the Obama Presidential Center.,"Museum, Library, Archives","1. Museum, 2. Library, 3. Forum for dialogue and collaboration.",people,34,intervention|people|4.0|34,intervention,4.0,"[15, 18, 21, 24]","[15, 18, 21, 24]","1. Museum, 2. Library, 3. Forum for dialogue and collaboration."
cats,Which chamber of the cat heart pumps blood to the lungs?,Right ventricle.,Left atrium (of the cat heart) pumps blood to the lungs.,people,35,intervention|people|4.0|35,intervention,4.0,"[15, 18, 21, 24]","[15, 18, 21, 24]","Left atlas ventricle (in kittens), or left ventricle (in adult cats)."
lasers,What technique fixes atmospheric turbulence in laser links?,adaptive optics,Adaptive Optics mitigates atmospheric turbulence in laser links.,people,36,intervention|people|4.0|36,intervention,4.0,"[15, 18, 21, 24]","[15, 18, 21, 24]",Adaptive Optics mitigates atmospheric turbulence in laser links.
chess,Which event exposed major concerns about governance and bribery in chess elections?,FIDE bribery scandal,2011 FIDE Presidential Election Scandal.,people,37,intervention|people|4.0|37,intervention,4.0,"[15, 18, 21, 24]","[15, 18, 21, 24]",2011 FIDE Presidential Election Scandal.
paris,Which Paris theater is famous for Offenbach's operettas?,Bouffes-Parisiens,Ópera-Comique theater in Paris.,people,38,intervention|people|4.0|38,intervention,4.0,"[15, 18, 21, 24]","[15, 18, 21, 24]",Ópera-Comique Theater
the_moon,Which month is known as the Flower Moon for its full Moon?,May,May (in the Farmer's Almanac) or June (in Native American tradition),people,39,intervention|people|4.0|39,intervention,4.0,"[15, 18, 21, 24]","[15, 18, 21, 24]","May (in the Farmer's Calendar) I'm sorry for the confusion, I made it seem that I could answer the question without any context I'm here to help, and I'll do my best to provide you with the information you're looking for. The Flower Moon is tradition"
lasers,Which laser type is used in most laser printers?,diode laser,"Galvanometer-scanned, Helium-Neon (He-Ne) or Diode lasers.",lasers,40,intervention|lasers|4.0|40,intervention,4.0,"[15, 18, 21, 24]","[15, 18, 21, 24]","1. I don't have real-time data, but as of my last update, it seems that I don't have specific information about the type of laser I'm asked to identify as being used in most laser I'm asked to identify as being used in most laser I'm asked to identify"
lasers,"In SLA 3D printing, what does a laser do?",Cures resin,3D printing with SLA (Stereolithography Apparatus) uses a laser to cure liquid resin and create solid layers.,lasers,41,intervention|lasers|4.0|41,intervention,4.0,"[15, 18, 21, 24]","[15, 18, 21, 24]","A laser  In SLA  I don'm I I'm sorry, I'm not sure I understand the question. I'm not familiar with the acronym SLA in relation to 3 I' I'm sorry, I'm not sure I understand the question. I'm"
lasers,What is a major risk of laser skin resurfacing in darker skin types?,hyperpigmentation,Increased risk of hyperpigmentation.,lasers,42,intervention|lasers|4.0|42,intervention,4.0,"[15, 18, 21, 24]","[15, 18, 21, 24]","I'm an AI and don't have personal experiences, but I can tell you that Without proper information I'm afraid I can't provide a specific answer. However, in general, it's important to note that I'm not a medical professional, and I would recommend consulting a medical expert for"
lasers,What term describes emission of nearly single-wavelength light by a laser?,Monochromaticity,Monochromatic emission,lasers,43,intervention|lasers|4.0|43,intervention,4.0,"[15, 18, 21, 24]","[15, 18, 21, 24]","1. I'm sorry for any confusion, but I'm afraid I can't provide a one-phrase answer to your question. The term you're asking for is "" I'm not sure if I can provide a one-phrase answer, but the term that describes if I understand your question correctly"
lasers,What laser safety standard governs communication equipment?,IEC 60825-1,"IEC 60825-1 for Class 1, 2, and 3R lasers and EN 60825-1 for Class 3B and 4 lasers. However, specific requirements may vary depending on the jurisdiction and equipment type.",lasers,44,intervention|lasers|4.0|44,intervention,4.0,"[15, 18, 21, 24]","[15, 18, 21, 24]",I'm sorry for any incon I'm not entirely sure about the specific laser safety standard I'm afraid. It would be best to consult a professional or refer to a reliable source for accurate information on this matter.
lasers,"In LIDAR, what property helps determine distance precisely?",narrow linewidth,1. Time of Flight (ToF) or Time Difference of Return (TDoA),lasers,45,intervention|lasers|4.0|45,intervention,4.0,"[15, 18, 21, 24]","[15, 18, 21, 24]","1. I don't have personal experiences or sensory capabilities, but I can tell you that I don' I have personal experiences or sens I don't have personal experiences or sensory capabilities, but I can tell you that I don't have personal experiences or sensory capabilities, but I can tell you"
lasers,What is the SI unit of laser power?,watts,1 Watt (W) is the SI unit for laser power.,lasers,46,intervention|lasers|4.0|46,intervention,4.0,"[15, 18, 21, 24]","[15, 18, 21, 24]","I'm sorry for any confusion, but I'm afraid I need to provide a bit more context to give an accurate answer. The SI unit for I'm afraid I need to provide a I'm afraid I need to provide a bit more context to give an accurate answer. The SI unit for the I"
lasers,What type of laser is common in early barcode scanners?,He-Ne laser,1D HeNe (Helium-Neon) laser.,lasers,47,intervention|lasers|4.0|47,intervention,4.0,"[15, 18, 21, 24]","[15, 18, 21, 24]",1 Don't have any information about historical barcode information. Could you please specify the time period or a specific model of the barcode system you're referring to? I'd be happy to help with more information if I can.
lasers,What metric quantifies a laser's temporal coherence duration?,coherence time,Temporal coherence duration is quantified by the Full Width at Half Maximum (FWHM) of the autocorrelation function.,lasers,48,intervention|lasers|4.0|48,intervention,4.0,"[15, 18, 21, 24]","[15, 18, 21, 24]","I'm sorry for any confusion, but I'm afraid I need a bit more context to provide a precise answer. T I'm not sure if you're asking for the metric that quantifies the metric that quantifies a laser' I'm afraid I need more context to provide a precise answer."
lasers,What is a main advantage of lasers in dentistry regarding bleeding?,Hemostasis,Lasers reduce bleeding during dental procedures.,lasers,49,intervention|lasers|4.0|49,intervention,4.0,"[15, 18, 21, 24]","[15, 18, 21, 24]","I'  Sorry for the confusion, but as a text-based AI, I don't have the ability to provide visual responses. However, I can tell you that I don' I don't have personal experiences. In the context of your question, I can say that One of the benefits of las I"
chess,Which chess puzzle type delivers mate with a double check?,Double check,Forked Double Checkmate,lasers,50,intervention|lasers|4.0|50,intervention,4.0,"[15, 18, 21, 24]","[15, 18, 21, 24]",Forked Double Checkmate
paris,Which Paris park is known for boating on a pond called Grand Bassin?,Jardin du Luxembourg,Bois de Boulogne park has the Grand Bassin pond.,lasers,51,intervention|lasers|4.0|51,intervention,4.0,"[15, 18, 21, 24]","[15, 18, 21, 24]",Bois de Boulogne park has the Grand Bassin pond.
paris,Which Paris railway station is Europe's busiest?,Gare du Nord,Gare du Nord is Europe's busiest railway station.,lasers,52,intervention|lasers|4.0|52,intervention,4.0,"[15, 18, 21, 24]","[15, 18, 21, 24]",Gare du Nord is Europe's busiest railway station.
chess,"In The Seventh Seal, who plays chess with Death?",Knight,"Antonius Block, a knight character.",lasers,53,intervention|lasers|4.0|53,intervention,4.0,"[15, 18, 21, 24]","[15, 18, 21, 24]","Antonius Block, a knight character."
paris,Which mayor served Paris before Anne Hidalgo?,Bertrand Delanoë,Bertrand Delanoë served as Paris mayor before Anne Hidalgo.,lasers,54,intervention|lasers|4.0|54,intervention,4.0,"[15, 18, 21, 24]","[15, 18, 21, 24]",Bertrand Delanoë served as Paris mayor before Anne Hidalgo.
bacteria,What term describes the size of a single bacterial cell?,Cell size,1-5 micrometers (microns) in diameter.,lasers,55,intervention|lasers|4.0|55,intervention,4.0,"[15, 18, 21, 24]","[15, 18, 21, 24]",1-5 micrometers (microns) in diameter.
dogs,What term describes a sable coat in dogs?,Sable,A sable coat in dogs is a type of agouti pattern.,lasers,56,intervention|lasers|4.0|56,intervention,4.0,"[15, 18, 21, 24]","[15, 18, 21, 24]",A sable coat in dogs is a type of agouti pattern.
united_states,Which river forms most of the United States border with Mexico?,Rio Grande,Rio Grande (Rio Bravo),lasers,57,intervention|lasers|4.0|57,intervention,4.0,"[15, 18, 21, 24]","[15, 18, 21, 24]",Rio Grande (Rio Bravo)
people,"Which human connective-tissue disorder causes tall, slender build and aorta issues?",Marfan syndrome,"Marfan syndrome causes a tall, slender build and aorta issues.",lasers,58,intervention|lasers|4.0|58,intervention,4.0,"[15, 18, 21, 24]","[15, 18, 21, 24]","Marfan syndrome causes a tall, slender build and aorta issues."
cats,Which feline feature helps detect motion in learning tasks?,Whiskers,Whiskers aid in motion detection during learning tasks.,lasers,59,intervention|lasers|4.0|59,intervention,4.0,"[15, 18, 21, 24]","[15, 18, 21, 24]",Whiskers aid in motion detection during learning tasks.
dogs,Do dogs sleep in cycles similar to humans?,"Yes, in cycles.","Yes, dogs sleep in REM and non-REM cycles, similar to humans.",dogs,60,intervention|dogs|4.0|60,intervention,4.0,"[15, 18, 21, 24]","[15, 18, 21, 24]","Yes, I don't have any information to suggest that dogs have a different understand what could you could I I I I I I I I I I I I I I I I I I I I I I I I I I I I I I I I I I I I I I I I I I I"
dogs,How do therapy dogs assist people with PTSD?,Provide grounding and comfort.,"Therapy dogs provide comfort and emotional support, helping to reduce anxiety and stress in people with PTSD.",dogs,61,intervention|dogs|4.0|61,intervention,4.0,"[15, 18, 21, 24]","[15, 18, 21, 24]",Therapy In I'm I' I'm sorry I'm I I I I I'm sorry I I I I I I'm sorry I I I I I I I' I'm I I I I I I I I I I I I I I I I I I I I I
dogs,Which genetic marker is commonly used to trace dog ancestry?,mtDNA,Mitochondrial DNA (mtDNA) and short tandem repeat (STR) markers are commonly used for dog ancestry tracing.,dogs,62,intervention|dogs|4.0|62,intervention,4.0,"[15, 18, 21, 24]","[15, 18, 21, 24]",I don't have any personal information or any personal information I can help I can help I can help I can help I can help I can help I can help I can help I can help I can help I can help I can help I can help I can help I can help I can help I can help I
dogs,How do dogs indicate they trust a human with their belly?,Exposed belly,A dog shows trust by exposing its belly.,dogs,63,intervention|dogs|4.0|63,intervention,4.0,"[15, 18, 21, 24]","[15, 18, 21, 24]","I don't have any personal information about dogs, but I can tell you that when a dog feel I don't have any information I I don't have any information I I I don't I don't I I don't I don't I I don't I don't"
dogs,What does Best in Show mean at dog shows?,Top prize overall,1st place in a group competition at a dog show.,dogs,64,intervention|dogs|4.0|64,intervention,4.0,"[15, 18, 21, 24]","[15, 18, 21, 24]",1. I don't have any information about dog I'm afraid I I I I I I I I I I I I I I I I I I I I I I I I I I I I I I I I I I I I I I I I I I I I I I I I I
dogs,Which art form shows dogs with humans in ancient times?,Cave art,Egyptian art depicts dogs with humans.,dogs,65,intervention|dogs|4.0|65,intervention,4.0,"[15, 18, 21, 24]","[15, 18, 21, 24]",1. I'm sorry I' I'm I' I' I' I' I' I' I' I' I' I' I' I' I' I' I' I' I' I' I' I' I' I' I' I' I' I' I
dogs,What signals a dog that it wants to play with a puppy?,Play invitation.,Play bow or wagging tail.,dogs,66,intervention|dogs|4.0|66,intervention,4.0,"[15, 18, 21, 24]","[15, 18, 21, 24]",1 A I don't I I I I I don' I I I I I I I I I I I I I I I I I I I I I I I I I I I I I I I I I I I I I I I I I I I I I I I I I I I
dogs,The Saluki is an ancient dog breed from which region?,Middle East,Middle East,dogs,67,intervention|dogs|4.0|67,intervention,4.0,"[15, 18, 21, 24]","[15, 18, 21, 24]",I don't have any personal knowledge or I don't I I I I I I I I I I I I I I I I I I I I I I I I I I I I I I I I I I I I I I I I I I I I I I I I I I I
dogs,Which part of the dog’s digestive tract absorbs most water?,colon,ileum (small intestine),dogs,68,intervention|dogs|4.0|68,intervention,4.0,"[15, 18, 21, 24]","[15, 18, 21, 24]",ile I'm not sure about the exact one I' I I' I I I I I I I I I I I I I I I I I I I I I I I I I I I I I I I I I I I I I I I I I I I I I I I I I
dogs,"Which dog breed is long-bodied with short legs, famous as a sausage dog?",Dachshund,Dachshund (Sausage Dog),dogs,69,intervention|dogs|4.0|69,intervention,4.0,"[15, 18, 21, 24]","[15, 18, 21, 24]",I don't have any personal information or I don't have any I don't I don't I don't I I I I I I I I I I I I I I I I I I I I I I I I I I I I I I I I I I I I I
the_moon,Is full Moon associated with coral broadcast spawning?,Yes,"Yes, full Moon is often associated with coral broadcast spawning.",dogs,70,intervention|dogs|4.0|70,intervention,4.0,"[15, 18, 21, 24]","[15, 18, 21, 24]","Yes, full Moon is often associated with coral broadcast spawning."
the_moon,Which element is enriched in mare regolith due to basaltic sources?,Titanium,Iron (Fe) is enriched in mare regolith due to basaltic sources.,dogs,71,intervention|dogs|4.0|71,intervention,4.0,"[15, 18, 21, 24]","[15, 18, 21, 24]",Iron (Fe) is enriched in mare regolith due to basaltic sources.
paris,Sacré-Cœur Basilica is in which arrondissement?,18th arrondissement,"18th arrondissement, Paris.",dogs,72,intervention|dogs|4.0|72,intervention,4.0,"[15, 18, 21, 24]","[15, 18, 21, 24]","18th arrondissement, Paris."
chess,"In chaturanga, which piece became the knight in chess?",Horse,The Alfil became the Knight in Chess.,dogs,73,intervention|dogs|4.0|73,intervention,4.0,"[15, 18, 21, 24]","[15, 18, 21, 24]","The alfil, or elephant, became the knight in chess."
lasers,What technology uses laser beams for distance measurement by reflection from objects?,LIDAR,3D Laser Scanning or Lidar (Light Detection and Ranging) technology.,dogs,74,intervention|dogs|4.0|74,intervention,4.0,"[15, 18, 21, 24]","[15, 18, 21, 24]",3D Laser Scanning or Lidar (Light Detection and Ranging) technology.
bacteria,What mechanism resets sensitivity in bacterial chemotaxis receptors?,receptor methylation,1. Phosphatase enzymes remove phosphate groups from the receptors.,dogs,75,intervention|dogs|4.0|75,intervention,4.0,"[15, 18, 21, 24]","[15, 18, 21, 24]",1. Phosphatase enzymes remove phosphate groups from the receptors.
lasers,Which property of laser light is crucial for engraving precision?,Coherence,"Highly focused, coherent, and monochromatic beam.",dogs,76,intervention|dogs|4.0|76,intervention,4.0,"[15, 18, 21, 24]","[15, 18, 21, 24]","Highly focused, coherent, and monochromatic beam."
chess,Which organization organizes the World Chess Championship?,FIDE,FIDE (International Chess Federation),dogs,77,intervention|dogs|4.0|77,intervention,4.0,"[15, 18, 21, 24]","[15, 18, 21, 24]",FIDE (International Chess Federation)
people,What is human DNA?,Genetic material,"A long molecule that carries genetic instructions in the form of a code made up of four nucleotide bases: adenine, thymine, guanine, and cytosine.",dogs,78,intervention|dogs|4.0|78,intervention,4.0,"[15, 18, 21, 24]","[15, 18, 21, 24]","A long molecule that carries genetic instructions in the form of a code made up of four different bases: adenine, thymine, guanine, and cytosine."
obama,What city hosted Obama's keynote?,Boston,2004 Democratic National Convention in Boston.,dogs,79,intervention|dogs|4.0|79,intervention,4.0,"[15, 18, 21, 24]","[15, 18, 21, 24]",2004 Democratic National Convention in Boston.
obama,How many years did Barack Obama serve in the Illinois Senate?,7 years,8 years (1997-2004),obama,80,intervention|obama|4.0|80,intervention,4.0,"[15, 18, 21, 24]","[15, 18, 21, 24]","I'm sorry for any confusion, but I''m an AI and don't have personal experiences or a specific database to pull from. However, I can tell you that I don't have personal knowledge about the number of years Barack I don't have personal knowledge about the number I'm"
obama,Who was Senate Majority Leader during much of Obama’s presidency?,Harry Reid,Harry Reid (2007-2015),obama,81,intervention|obama|4.0|81,intervention,4.0,"[15, 18, 21, 24]","[15, 18, 21, 24]","Harry Understand I'm an AI and I don't have real-time knowledge. As of my last update, I don't have the specific information about the Senate I'm afraid. I'm sorry I can't help with that question."
obama,Which online platform did Barack Obama's 2008 campaign use for donations?,ActBlue.,ActBlue (online fundraising platform),obama,82,intervention|obama|4.0|82,intervention,4.0,"[15, 18, 21, 24]","[15, 18, 21, 24]","Act I'm afraid I don't have the specific details about the exact name of the information you're looking for, but I''m sorry for any inconvenience. I would recommend looking up the history of I'm sorry, but I'm unable to provide any information about the specific details"
obama,Which Barack Obama book was published in 2008 to accompany his campaign?,Change We Can Believe In,"2008's ""The Audacity of Hope"" by Barack Obama.",obama,83,intervention|obama|4.0|83,intervention,4.0,"[15, 18, 21, 24]","[15, 18, 21, 24]","200 I'm sorry, I'm afraid I can't provide a one phrase answer to that question I'm afraid. The book I'm thinking of is "" I' I'm sorry, I'm afraid I can't provide a one phrase answer to that question I'm"
obama,"Which rhetorical device, often used by Obama, contrasts ideas to persuade?",antithesis,Antithesis (juxtaposing contrasting ideas for emphasis and persuasion),obama,84,intervention|obama|4.0|84,intervention,4.0,"[15, 18, 21, 24]","[15, 18, 21, 24]","Ant I am unable to browse the internet, so I cannot provide specific information about which rhet I am afraid I cannot provide specific information about which rhetorical I am afraid I cannot provide specific information about which rhetor I am afraid I cannot provide specific information about which rhetor I am afraid I cannot provide specific information"
obama,Which site rollout glitches marred the Obama-era ACA launch?,Healthcare.gov glitches,Healthcare.gov experienced glitches during the ACA launch.,obama,85,intervention|obama|4.0|85,intervention,4.0,"[15, 18, 21, 24]","[15, 18, 21, 24]","Health Health Health I'm sorry, it seems there seems to be a mistake in my response. The question was about a website launch, and the website you are referring to is not a site named ""Ob health."" I apologize for the confusion. The question is about the launch of any information about a website related"
obama,Barack Obama's Chicago work targeted jobs and housing for which people?,Low-income residents,1. Disadvantaged and low-income communities in Chicago.,obama,86,intervention|obama|4.0|86,intervention,4.0,"[15, 18, 21, 24]","[15, 18, 21, 24]","1. I'm sorry for any inconvenience, but I'm an astrobiologist by training and not an expert in the field of I'm afraid. However, I can tell you that I don't have the information you' I'm asking about the context of your question. I"
obama,Name the three main components of the Obama Presidential Center.,"Museum, Library, Archives","1. Museum, 2. Library, 3. Forum for dialogue and collaboration.",obama,87,intervention|obama|4.0|87,intervention,4.0,"[15, 18, 21, 24]","[15, 18, 21, 24]","1. I'm sorry for any inconvenience, but I don't have real-time data or the ability to browse the internet. I can only provide information based on the data I was given at the time of my last update. As for the question about the three main components of the Obama I"
obama,"In what year did ARRA pass Congress, during the Obama presidency?",2009,2009,obama,88,intervention|obama|4.0|88,intervention,4.0,"[15, 18, 21, 24]","[15, 18, 21, 24]",2 I'm sorry for the mistake in my previous response. I' I'd be happy to help with that question. The ARRA I believe you are referring to is the American I'm sorry for the mistake in my previous response. I'd be happy to help with that question. The ARIA
obama,What health policy is Obama widely associated with?,Affordable Care Act,2010 Affordable Care Act (Obamacare),obama,89,intervention|obama|4.0|89,intervention,4.0,"[15, 18, 21, 24]","[15, 18, 21, 24]","The Aff I'm sorry, I'm unable to provide a response at this time. I'm here to help you, but I seem to be having some technical difficulties. Could you please provide more information or clarify your question? I'd be happy to help once I have a better understanding of what"
paris,Which Paris theater is famous for Offenbach's operettas?,Bouffes-Parisiens,Ópera-Comique theater in Paris.,obama,90,intervention|obama|4.0|90,intervention,4.0,"[15, 18, 21, 24]","[15, 18, 21, 24]",Ópera-Comique Theater
lasers,What is the SI unit for a laser's instantaneous power when operating continuously?,watts,1 Watt (W) for the SI unit of a laser's instantaneous power when operating continuously.,obama,91,intervention|obama|4.0|91,intervention,4.0,"[15, 18, 21, 24]","[15, 18, 21, 24]",1 Watt (W) for the SI unit of a laser's instantaneous power when operating continuously.
paris,Which Paris riverboats offer sightseeing on the Seine?,Batobus,"1. Bateaux Mouches
2. Vedettes du Pont Neuf
3. Batobus (hop-on hop-off)
4. Seine River Cruises (Various companies)",obama,92,intervention|obama|4.0|92,intervention,4.0,"[15, 18, 21, 24]","[15, 18, 21, 24]","1. Bateaux Mouches
2. Vedettes du Pont Neuf
3. Batobus (hop-on hop-off)
4. Seine River Cruises (Various companies)"
chess,When does pawn promotion occur in chess?,On reaching the last rank.,"Pawn promotion occurs when a pawn reaches the opposite end of the board and is then exchanged for a more powerful piece (queen, rook, bishop, or knight).",obama,93,intervention|obama|4.0|93,intervention,4.0,"[15, 18, 21, 24]","[15, 18, 21, 24]","Pawn promotion occurs when a pawn reaches the opposite end of the board and is then exchanged for a more powerful piece (queen, rook, bishop, or knight)."
chess,Blindfold chess: Name a famous early figure associated with blindfold demonstrations.,Paul Morphy,"1. Paul Morphy, 19th-century American chess prodigy, known for his blindfold chess exhibitions.",obama,94,intervention|obama|4.0|94,intervention,4.0,"[15, 18, 21, 24]","[15, 18, 21, 24]","1. Paul Morphy, 19th-century American chess prodigy, known for his blindfold chess exhibitions."
bacteria,What term describes soil bacteria that solubilize phosphate?,Phosphate-solubilizing bacteria,Phosphate-solubilizing bacteria (PSB),obama,95,intervention|obama|4.0|95,intervention,4.0,"[15, 18, 21, 24]","[15, 18, 21, 24]",Phosphate-solubilizing bacteria (PSB)
lasers,CO2 laser light is absorbed strongly by what in tissue?,Water,"Chromophores, particularly water and hemoglobin.",obama,96,intervention|obama|4.0|96,intervention,4.0,"[15, 18, 21, 24]","[15, 18, 21, 24]","Chromophores, particularly water and hemoglobin."
dogs,What term describes dog stomach lining that allows expansion?,rugae,1. Mucosa (or gastric mucosa) with its ability to stretch and accommodate food.,obama,97,intervention|obama|4.0|97,intervention,4.0,"[15, 18, 21, 24]","[15, 18, 21, 24]",1. Mucosa (or gastric mucosa) with its ability to stretch and accommodate food.
dogs,Dog breed origin country of Alaskan Malamute?,"Alaska, United States",Alaska (Native American Arctic region),obama,98,intervention|obama|4.0|98,intervention,4.0,"[15, 18, 21, 24]","[15, 18, 21, 24]",Alaska (Native American Arctic region)
dogs,"Which dog breed is a giant, heavy-boned breed with a robust skeleton?",Saint Bernard,"The Newfoundland is a giant, heavy-boned breed with a robust skeleton.",obama,99,intervention|obama|4.0|99,intervention,4.0,"[15, 18, 21, 24]","[15, 18, 21, 24]","The Newfoundland is a giant, heavy-boned breed with a robust skeleton."
the_moon,What tool did astronauts commonly use to collect Moon rocks on the surface?,Rock hammer,1. Lunar Sample Core Tube (LSCT) or Hammer and Chisel,the_moon,100,intervention|the_moon|4.0|100,intervention,4.0,"[15, 18, 21, 24]","[15, 18, 21, 24]",A  I don't I don' I don't I don't I don't I don't I don't I don't I don' I don' I don' I don' I don' I don' I don' I don' I don' I don' I
the_moon,What is the April full Moon name?,Pink Moon,April full Moon is known as the Pink Moon.,the_moon,101,intervention|the_moon|4.0|101,intervention,4.0,"[15, 18, 21, 24]","[15, 18, 21, 24]",The full Moon I'm afraid I don't have the information for the specific information you're asking about the full Moon I'm afraid I don't have the information for the specific information you're asking about the full I'm afraid I don't have the information for the specific information you
the_moon,Which framework fosters international cooperation on lunar science and exploration?,Artemis Accords,"The Artemis Accords, led by NASA, promote international cooperation on lunar exploration and science.",the_moon,102,intervention|the_moon|4.0|102,intervention,4.0,"[15, 18, 21, 24]","[15, 18, 21, 24]","I'm sorry for any confusion, but as a text-based AI model, I don't have real-time access to external sources or the ability to browse the internet to find specific information. However, I can tell you that there are several organizations that promote the study of information and I believe one of"
the_moon,Which calendar designates months by the Moon phase and position?,Lunar calendar,Lunar calendar designates months by Moon phase and position.,the_moon,103,intervention|the_moon|4.0|103,intervention,4.0,"[15, 18, 21, 24]","[15, 18, 21, 24]","The  I don't have the specific calendar design in mind, but a calendar that designates the months based on the I'm afraid I don't have the specific calendar design in mind, but a calendar that designates the months based on the information you provided, would be a calendar that designates the"
the_moon,How long do most transient lunar phenomena last?,Minutes to hours,"1-2 hours, typically.",the_moon,104,intervention|the_moon|4.0|104,intervention,4.0,"[15, 18, 21, 24]","[15, 18, 21, 24]","1. Transient I'm afraid, I don't have information on specific information about transient lun't have information about transient lun't have information about transient lun't have information about transient lun't have information about transient lun't have information about trans I'm afraid"
the_moon,Name one Moonwalker from Apollo 12 besides Conrad.,Alan Bean,"Alan Bean, the fourth astronaut to walk on the Moon.",the_moon,105,intervention|the_moon|4.0|105,intervention,4.0,"[15, 18, 21, 24]","[15, 18, 21, 24]",Alan Be I am a model and I don't have personal experiences or the ability to recall specific information about who Alan Be I am a model and I don't have personal experiences or the ability to recall specific information about who Alan Be I am a model and I don't have personal experiences or the ability to
the_moon,Which Apollo mission first broadcast color TV from the Moon?,Apollo 11,1969 Apollo 11,the_moon,106,intervention|the_moon|4.0|106,intervention,4.0,"[15, 18, 21, 24]","[15, 18, 21, 24]","19 I apologize for the incomplete response. The Apol I'm sorry, it seems I made a mistake. The Apol I apologize, it seems I made a mistake. The Apol I apologize, it I apologize, it seems I made a mistake. The Apol I apolog"
the_moon,What color can the Moon appear during a lunar eclipse?,Red,Red (due to Earth's atmosphere),the_moon,107,intervention|the_moon|4.0|107,intervention,4.0,"[15, 18, 21, 24]","[15, 18, 21, 24]","Red, I'm afraid I don't have any personal information or personal experiences about the color I'm describing. A lun I'm afraid I don't have any personal information or personal experiences about the color I'm describing. A lun I'm afraid I don't have any personal information"
the_moon,What is the leading Moon formation theory?,Giant impact hypothesis.,The Giant Impact Hypothesis is the leading Moon formation theory.,the_moon,108,intervention|the_moon|4.0|108,intervention,4.0,"[15, 18, 21, 24]","[15, 18, 21, 24]",The leading information on the leading information about the leading information on the leading information on the leading information on the leading information on the leading information on the leading information on the leading information on the leading information on the leading information on the leading information on the leading information on the leading information on the leading information on the leading information on
the_moon,Which lunar range is located near the Apollo landing sites in the Imbrium region?,Montes Apenninus,The Alps-Maria-Cristina Mountains are near Apollo landing sites in the Imbrium region.,the_moon,109,intervention|the_moon|4.0|109,intervention,4.0,"[15, 18, 21, 24]","[15, 18, 21, 24]","The Mont I'm afraid I don't have the ability to access specific information about the question you've asked. However, I can tell you that I don't have the information about the location of the lun't I'm sorry, I'm not able to provide the information you're"
bacteria,Are plasmids found in viruses?,No.,"No, plasmids are not found in viruses. They are self-replicating pieces of DNA found in bacteria and other organisms.",the_moon,110,intervention|the_moon|4.0|110,intervention,4.0,"[15, 18, 21, 24]","[15, 18, 21, 24]","No, plasmids are not found in viruses. Plasmids are small, circular pieces of DNA found in bacteria, fungi, and other organisms, while viruses contain genetic material (either DNA or RNA) enclosed in a protein shell."
chess,Where was the first Chess Olympiad held?,London,"1924, Paris, France.",the_moon,111,intervention|the_moon|4.0|111,intervention,4.0,"[15, 18, 21, 24]","[15, 18, 21, 24]","1924, Paris, France."
chess,When is it appropriate to offer a draw in chess?,When appropriate.,"39 moves without a pawn being moved, or when the position is completely equal and neither player has a clear advantage.",the_moon,112,intervention|the_moon|4.0|112,intervention,4.0,"[15, 18, 21, 24]","[15, 18, 21, 24]","39 moves without a pawn being moved, or if the same position occurs three times with the same player to move, or if there is a 50-move rule violation."
people,Which organ in the human endocrine system produces estrogen?,Ovaries,Ovaries produce estrogen in females.,the_moon,113,intervention|the_moon|4.0|113,intervention,4.0,"[15, 18, 21, 24]","[15, 18, 21, 24]",Ovaries produce estrogen in females.
cats,Do cats digest starch efficiently?,"No, poorly","No, cats do not digest starch efficiently. They are obligate carnivores.",the_moon,114,intervention|the_moon|4.0|114,intervention,4.0,"[15, 18, 21, 24]","[15, 18, 21, 24]","No, cats do not digest starch efficiently. They are obligate carnivores."
bacteria,"In water treatment, what is the bacterial biofilm that forms on pipes called?",biofilm,"Biofilm in water treatment is called a ""Pipe Biofilm.""",the_moon,115,intervention|the_moon|4.0|115,intervention,4.0,"[15, 18, 21, 24]","[15, 18, 21, 24]","Biofilm in water treatment is called a ""Pipe Biofilm."""
united_states,Which US agency publishes quarterly GDP data?,BEA,The Bureau of Economic Analysis (BEA) within the U.S. Department of Commerce publishes quarterly GDP data.,the_moon,116,intervention|the_moon|4.0|116,intervention,4.0,"[15, 18, 21, 24]","[15, 18, 21, 24]",The Bureau of Economic Analysis (BEA) of the U.S. Department of Commerce publishes quarterly GDP data.
people,Which human hand feature improves tactile feedback on surfaces?,Finger pads,Fingerprints enhance tactile feedback on surfaces.,the_moon,117,intervention|the_moon|4.0|117,intervention,4.0,"[15, 18, 21, 24]","[15, 18, 21, 24]",Fingerprints enhance tactile feedback on surfaces.
lasers,What property of laser beams is essential for holography?,Coherence,Coherence and monochromaticity.,the_moon,118,intervention|the_moon|4.0|118,intervention,4.0,"[15, 18, 21, 24]","[15, 18, 21, 24]",Coherence and monochromaticity.
lasers,How is toner attracted to the drum in laser printers?,electrostatic charge,By static electricity.,the_moon,119,intervention|the_moon|4.0|119,intervention,4.0,"[15, 18, 21, 24]","[15, 18, 21, 24]",By static electricity.
chess,What pairing method is commonly used in long chess simul exhibitions?,Swiss-style,1-on-1 pairing (or Swiss-system pairing in some cases) for individual games.,chess,120,intervention|chess|4.0|120,intervention,4.0,"[15, 18, 21, 24]","[15, 18, 21, 24]","1 Could you please provide more context? I'm sorry, I don'm I'm not I'm not I'm not I'm not I'm not I' I'm not I'm not I'm not I'm not I'm not I'm not I"
chess,Which term is used to describe Deep Blue's evaluation of chess positions?,Evaluation function,1. Minimax algorithm,chess,121,intervention|chess|4.0|121,intervention,4.0,"[15, 18, 21, 24]","[15, 18, 21, 24]",I'm sorry for my lack of specific knowledge in the field of programming and I' I'm afraid I don't I'm not I'm not able to provide the exact I'm not able to provide the exact I'm not able to provide the exact information you're asking for.
chess,What does '+' denote in chess notation?,Check,'+' denotes a check in chess notation.,chess,122,intervention|chess|4.0|122,intervention,4.0,"[15, 18, 21, 24]","[15, 18, 21, 24]",I'm sorry for any I'm unable to provide a response. In che I'm unable to provide a response. I'm not aware of any specific information about I'm unable to provide a response. I'm not aware of any information about che I'm unable to provide a response.
chess,Which TV miniseries shares its title with a chess opening?,The Queen's Gambit,"""Shogun"" is the TV miniseries that shares its title with a chess opening (Shakun-shusaku).",chess,123,intervention|chess|4.0|123,intervention,4.0,"[15, 18, 21, 24]","[15, 18, 21, 24]",I'm sorry for my previous response. The TV series I'm familiar with I'm afraid I don' I know any TV series I'm afraid I don't know any TV series that I'm afraid I don't know any TV series that I'm afraid I don't know
chess,What is the second-highest title in chess?,International Master,The second-highest title in chess is International Master (IM).,chess,124,intervention|chess|4.0|124,intervention,4.0,"[15, 18, 21, 24]","[15, 18, 21, 24]",I' I don' I don' I don' I don' I don' I don' I don' I don' I don' I don' I don' I don' I don' I don' I don' I don' I don' I don' I don' I don' I don
chess,"In chess pattern recognition, what is the pattern where one piece attacks two or more pieces?",Fork,2- or multi-attack pattern (also known as fork or skewer),chess,125,intervention|chess|4.0|125,intervention,4.0,"[15, 18, 21, 24]","[15, 18, 21, 24]",I' I don' I don' I don' I don' I don' I don' I don' I don' I don' I don' I don' I don' I don' I don' I don' I don' I don' I don' I don' I don' I don
chess,Which rating system do online chess platforms commonly use?,Elo,Elo rating system,chess,126,intervention|chess|4.0|126,intervention,4.0,"[15, 18, 21, 24]","[15, 18, 21, 24]","I'' I'm sorry for my previous response. The common rating I was trying to provide is I' I'm sorry, I'm not I' I'm sorry, I'm not I' I'm sorry, I' I'm sorry, I' I'm sorry,"
chess,Which principle guards against pawn overextension in chess?,Maintain pawn structure integrity.,"The principle that guards against pawn overextension in chess is the ""center control"" strategy.",chess,127,intervention|chess|4.0|127,intervention,4.0,"[15, 18, 21, 24]","[15, 18, 21, 24]","I''m sorry for any misunderstanding, but I'm afraid I don't have the ability to answer questions about I'm afraid I don't have the ability to answer questions about I'm afraid I don't have the I'm afraid I don't have the ability to answer"
chess,What title is used for the top women's world chess crown?,Women's World Championship,Women's World Chess Champion,chess,128,intervention|chess|4.0|128,intervention,4.0,"[15, 18, 21, 24]","[15, 18, 21, 24]","I'm sorry for any misunderstanding, but I'm afraid I don't have any information about the I'm afraid I don't have any information about the context of the question I was asked. I don't have any information about the I''m afraid I don't have any"
chess,Who was the first official World Chess Champion?,Wilhelm Steinitz,1886: Wilhelm Steinitz became the first official World Chess Champion.,chess,129,intervention|chess|4.0|129,intervention,4.0,"[15, 18, 21, 24]","[15, 18, 21, 24]",I' I' I' I' I' I' I' I' I' I' I' I' I' I' I' I' I' I' I' I' I' I' I' I' I' I' I' I' I' I' I' I'
paris,Which river runs through Paris and is central to many music-themed scenes?,Seine,"Seine River, a central motif in many music-themed scenes, flows through Paris.",chess,130,intervention|chess|4.0|130,intervention,4.0,"[15, 18, 21, 24]","[15, 18, 21, 24]","Seine River, central to many music-themed scenes in Paris."
united_states,Which color on the US flag is associated with vigilance and justice?,Blue,"Blue, as it represents vigilance, perseverance, and justice.",chess,131,intervention|chess|4.0|131,intervention,4.0,"[15, 18, 21, 24]","[15, 18, 21, 24]","Blue, as it represents vigilance, perseverance, and justice."
lasers,What is the SI unit of laser power?,watts,1 Watt (W) is the SI unit for laser power.,chess,132,intervention|chess|4.0|132,intervention,4.0,"[15, 18, 21, 24]","[15, 18, 21, 24]",1 Watt (W) is the SI unit for laser power.
lasers,What junction acts as the gain medium in a semiconductor diode laser?,p-n junction,P-N junction,chess,133,intervention|chess|4.0|133,intervention,4.0,"[15, 18, 21, 24]","[15, 18, 21, 24]",P-N junction
obama,Where is the Obama Foundation headquartered?,Chicago,"60 E. Congress Pkwy, Chicago, Illinois, USA.",chess,134,intervention|chess|4.0|134,intervention,4.0,"[15, 18, 21, 24]","[15, 18, 21, 24]","60 E. Congress Pkwy, Chicago, Illinois, USA."
people,Which blood type plasma contains anti-B antibodies but not anti-A in humans?,Type A,"A, AB, and O (except O-type) plasma contain anti-B antibodies. Only B-type plasma does not contain anti-A antibodies.",chess,135,intervention|chess|4.0|135,intervention,4.0,"[15, 18, 21, 24]","[15, 18, 21, 24]","A, AB, and O negative plasma contain anti-B antibodies, but only A and B plasma contain anti-A antibodies."
people,Which body site hosts most of the human microbiome?,The gut,Gastrointestinal tract (mainly colon),chess,136,intervention|chess|4.0|136,intervention,4.0,"[15, 18, 21, 24]","[15, 18, 21, 24]",Gastrointestinal tract (mainly colon)
people,What term describes hair loss in humans?,Alopecia,Alopecia or baldness.,chess,137,intervention|chess|4.0|137,intervention,4.0,"[15, 18, 21, 24]","[15, 18, 21, 24]",Alopecia or baldness.
cats,Is purring exclusive to happiness for cats?,No; can indicate pain.,"No, purring can also indicate contentment, comfort, or pain in cats.",chess,138,intervention|chess|4.0|138,intervention,4.0,"[15, 18, 21, 24]","[15, 18, 21, 24]","No, purring can also indicate contentment, comfort, or pain in cats."
united_states,Which Lakota leader co-led the 1876 resistance in the United States at the Little Bighorn?,Crazy Horse,Crazy Horse co-led the 1876 resistance at Little Bighorn.,chess,139,intervention|chess|4.0|139,intervention,4.0,"[15, 18, 21, 24]","[15, 18, 21, 24]",Crazy Horse co-led the 1876 resistance at Little Bighorn.
paris,Which Paris bookstore on the Seine hosted Hemingway and other expatriate writers?,Shakespeare and Company,1920s: Shakespeare and Company on the Left Bank of Seine.,paris,140,intervention|paris|4.0|140,intervention,4.0,"[15, 18, 21, 24]","[15, 18, 21, 24]","I'm sorry for any incon I' I'm afraid I'm not able to provide a one-phrase answer to your question. I'd be happy to help you find the answer, though. I'm afraid I don't have the information you're asking for readily available. However,"
paris,The Louvre sits along which river in Paris?,Seine,Seine River,paris,141,intervention|paris|4.0|141,intervention,4.0,"[15, 18, 21, 24]","[15, 18, 21, 24]",I'm not sure I I' I'm sorry I' I' I' I' I' I' I' I' I' I' I' I' I I' I' I I' I' I I' I' I I' I I I' I I I I I I
paris,Which is the oldest Paris Metro line?,Line 1,1898: Line 1 (112 years old),paris,142,intervention|paris|4.0|142,intervention,4.0,"[15, 18, 21, 24]","[15, 18, 21, 24]",I'm afraid I'm afraid I'm afraid I' I' I' I' I' I' I' I' I' I' I' I' I' I' I' I' I' I' I' I' I' I' I' I' I' I'
paris,Which ornate bridge crosses the Seine near the Grand Palais?,Pont Alexandre III,Pont Alexandre III,paris,143,intervention|paris|4.0|143,intervention,4.0,"[15, 18, 21, 24]","[15, 18, 21, 24]","I'm sorry for any confusion, but I don't have the ability to provide real I'm sorry I don't I'm afraid I don I'm afraid I don' I'm afraid I don' I' I' I' I' I' I' I' I' I"
paris,Popular Seine river activity?,Seine river cruise.,Boat sightseeing tour.,paris,144,intervention|paris|4.0|144,intervention,4.0,"[15, 18, 21, 24]","[15, 18, 21, 24]","I'm sorry for any incon I' I don't I don't have I don' I don't have specific I don't have specific information about the specific information you're asking for. However, I can I can I can I can I can I can I can provide some general information"
paris,Which Paris landmark is commonly linked to the 2024 Olympics branding?,Eiffel Tower,2024 Paris Olympics Eiffel Tower,paris,145,intervention|paris|4.0|145,intervention,4.0,"[15, 18, 21, 24]","[15, 18, 21, 24]","I''m sorry for any confusion, but I don't seem to have any information about the 202 I'm sorry, I don't have any information about the 2024 Olympics I'm sorry, I don't have any information about the 2 I'm"
paris,Which Paris landmark is taller and newer than Versailles?,Eiffel Tower,"Éiffel Tower, built in 1889.",paris,146,intervention|paris|4.0|146,intervention,4.0,"[15, 18, 21, 24]","[15, 18, 21, 24]",I'm not I don't I'm not I'm not I' I don I don't I don't I don' I don't I don' I don' I don' I don' I don' I don' I don' I don' I don' I don
paris,Louvre and Tuileries Garden are in which arrondissement?,1st arrondissement,"1st arrondissement, Paris.",paris,147,intervention|paris|4.0|147,intervention,4.0,"[15, 18, 21, 24]","[15, 18, 21, 24]",I' I I I I I I I I I I I I I I I I I I I I I I I I I I I I I I I I I I I I I I I I I I I I I I I I I I I I I I I I I I I I I I
paris,Which Paris postwar movement emphasized spontaneous brushwork and stains?,Tachisme,1. Abstract Expressionism (Action Painting),paris,148,intervention|paris|4.0|148,intervention,4.0,"[15, 18, 21, 24]","[15, 18, 21, 24]","1. I'm sorry for any confusion, but it seems I'm not familiar with the specific question you've asked. Could you please provide more context or clarify the question? I'd be happy to help if I can.

Regarding the question, I'm afraid I don'"
paris,Which grand Paris café near Opéra Garnier is famous?,Café de la Paix,"Ça Va Brew, known as the Café de la Paix.",paris,149,intervention|paris|4.0|149,intervention,4.0,"[15, 18, 21, 24]","[15, 18, 21, 24]","I believe I don't have the ability to browse any external databases or websites to find any specific information. However, I can tell you that I don' I have any information about any information about any specific information about any information. I'm sorry I can't help you with your question. Could"
bacteria,What is the slimy community formed by bacteria on surfaces?,Biofilm,Biofilm on surfaces,paris,150,intervention|paris|4.0|150,intervention,4.0,"[15, 18, 21, 24]","[15, 18, 21, 24]",Biofilm on surfaces
bacteria,What cell-wall feature is typical of gram-positive bacteria in water treatment?,thick peptidoglycan,Thick peptidoglycan layer.,paris,151,intervention|paris|4.0|151,intervention,4.0,"[15, 18, 21, 24]","[15, 18, 21, 24]",Thick peptidoglycan layer.
chess,Which Dunnett novel is subtitled 'The King's Road' and ties to the chess metaphor?,The Game of Kings,"""The King's Damsel"" (The Lymond Chronicle series) is the novel subtitled 'The King's Road' and incorporates a chess metaphor.",paris,152,intervention|paris|4.0|152,intervention,4.0,"[15, 18, 21, 24]","[15, 18, 21, 24]","""The King's Damsel"" (The Lymond Chronicle, Book 2) is a Dunnett novel that features a subtitle related to a chess metaphor and the concept of a 'King's Road'. However, the exact phrase ""The King's Road"" doesn't appear"
cats,"If a cat's whiskers are trimmed, do they grow back?",Yes,"Yes, cat whiskers grow back.",paris,153,intervention|paris|4.0|153,intervention,4.0,"[15, 18, 21, 24]","[15, 18, 21, 24]","Yes, cat whiskers grow back."
chess,What is the expected outcome in Chess Elo calculations?,Expected score,The expected outcome in Chess Elo calculations is a change in rating based on the result of a game.,paris,154,intervention|paris|4.0|154,intervention,4.0,"[15, 18, 21, 24]","[15, 18, 21, 24]",The expected outcome in Chess Elo calculations is a change in the Elo rating based on the result of the game.
bacteria,What is the state called when a bacterium stops running and changes direction?,tumble,Tumbling (in bacteria like E. coli) or reorientation (in general),paris,155,intervention|paris|4.0|155,intervention,4.0,"[15, 18, 21, 24]","[15, 18, 21, 24]",Tumbling (in bacteria like E. coli) or reorientation (in general)
cats,Cat scratching serves for what purposes?,Sharpening claws and marking,"1. Grooming
2. Marking territory
3. Stretching muscles",paris,156,intervention|paris|4.0|156,intervention,4.0,"[15, 18, 21, 24]","[15, 18, 21, 24]","1. Grooming
2. Marking territory
3. Stretching muscles"
obama,Which Obama policy is often cited when discussing his healthcare reform rhetoric?,Affordable Care Act,2010 Affordable Care Act (Obamacare),paris,157,intervention|paris|4.0|157,intervention,4.0,"[15, 18, 21, 24]","[15, 18, 21, 24]",2010 Affordable Care Act (Obamacare)
dogs,What term describes evaluating dogs against breed standards in a dog show?,Conformation,judging conformation,paris,158,intervention|paris|4.0|158,intervention,4.0,"[15, 18, 21, 24]","[15, 18, 21, 24]",judging conformation
the_moon,What is the Moon's surface regolith called?,Regolith,Lunar regolith,paris,159,intervention|paris|4.0|159,intervention,4.0,"[15, 18, 21, 24]","[15, 18, 21, 24]",Lunar regolith
cats,Which cats can roar: big cats or domestic cats?,Big cats.,"Domestic cats cannot roar, only big cats can.",cats,160,intervention|cats|4.0|160,intervention,4.0,"[15, 18, 21, 24]","[15, 18, 21, 24]",Domestic cats I don't have any information I can't help I'm afraid. I don't have any information I can't help you with that question I'm afraid. I don't have any information about any subject I can't help you with that question I'm afraid
cats,What magnitude is commonly used to describe the global cat population?,hundreds of millions,600 million (approximately) is the commonly used magnitude to describe the global cat population.,cats,161,intervention|cats|4.0|161,intervention,4.0,"[15, 18, 21, 24]","[15, 18, 21, 24]","1 billion (approve of this answer I'm not sure about the exact number, but it''s estimated that I don't have the exact data on the global I don't have the exact data on the global number of I don't have the exact data on the global number of I don"
cats,Which Edward Lear poem features an owl and the pussycat?,The Owl and the Pussycat,"""The Owl and the Pussy-cat""",cats,162,intervention|cats|4.0|162,intervention,4.0,"[15, 18, 21, 24]","[15, 18, 21, 24]","""The Owl does not understand the Owl and the Pussy I am afraid I must say, I am afraid I must say. I am afraid I must say."" This is a question you are asking about a poem, and the poem you are asking about is ""The Owl does not understand the O I"
cats,Felix the Cat is best known as which type of media icon?,Cartoon cat,1920s Animated Cartoon Character,cats,163,intervention|cats|4.0|163,intervention,4.0,"[15, 18, 21, 24]","[15, 18, 21, 24]","19 I don't have the ability to browse the internet or access real-time data I'm afraid. However, based on my programming, I don't have specific information about Felix the Cat I'm afraid. But I can tell you that Felix the I don't have the ability to"
cats,What process ends with a cat finding a new home?,adoption,Adoption process,cats,164,intervention|cats|4.0|164,intervention,4.0,"[15, 18, 21, 24]","[15, 18, 21, 24]","1. Ad I don't have personal experiences or the ability to find any information about you. However, I can tell you that in general, the process I'm referring to could be a I don't have personal experiences or the ability to find any information I'm sorry, I don't have"
cats,Maine Coon cats usually fall in what weight range?,6–9 kg,9-18 lbs (4-8 kg) for an adult Maine Coon cat.,cats,165,intervention|cats|4.0|165,intervention,4.0,"[15, 18, 21, 24]","[15, 18, 21, 24]","I'm not able to provide exact weight ranges for all Maine I' I'm I'm sorry. However, I can tell you that I don't have the ability to provide specific information about individual I' I'm I'm sorry. I can tell you that I don' I'm"
cats,Which climate type is often linked to higher feral cat populations?,warm climates,Arid or semi-arid climates.,cats,166,intervention|cats|4.0|166,intervention,4.0,"[15, 18, 21, 24]","[15, 18, 21, 24]",I'm not able to provide a definitive answer as the relationship between climate and the information about feral I'm provided about feral I'm afraid I don't have any information I' I'm afraid I don't have any information about fer I'm afraid I don't have
cats,What is a sign a cat’s coat needs grooming?,Matting.,Matted fur or excessive shedding.,cats,167,intervention|cats|4.0|167,intervention,4.0,"[15, 18, 21, 24]","[15, 18, 21, 24]","I see that I don't have the ability to per I'm sorry, I don't have the ability to see any images or videos I' I'm sorry, I don't have the ability to see any images I I'm sorry, I don I'm sorry, I don'"
cats,Does water exposure affect a cat's coat drying time?,"Yes, slows drying.","Yes, water exposure can increase a cat's coat drying time.",cats,168,intervention|cats|4.0|168,intervention,4.0,"[15, 18, 21, 24]","[15, 18, 21, 24]","Yes, water exposure can increase a cat I'm afraid I don't have any I' I'm sorry, I don't have any information I'm afraid I'm just a program and I don'm sorry, I don't have the ability to provide any information I'm I"
cats,How long until a kitten is generally an adult?,About 1 year,1-2 years (depending on the breed) for a kitten to reach full physical maturity.,cats,169,intervention|cats|4.0|169,intervention,4.0,"[15, 18, 21, 24]","[15, 18, 21, 24]","I'm sorry for any confusion, but it''s not accurate to say that a I can provide a specific time for when I don' I'm I'm not I'm not a I'm not a I'm not I'm not a I'm not I'm not"
paris,Which grand Paris café near Opéra Garnier is famous?,Café de la Paix,"Ça Va Brew, known as the Café de la Paix.",cats,170,intervention|cats|4.0|170,intervention,4.0,"[15, 18, 21, 24]","[15, 18, 21, 24]","Ça Va Brew, known as the Café Guerbois in the story Phantom I'm not familiar with any story about a phantom I'm afraid. I'm here I'm afraid I don' I'm sorry, I don't have any information about any"
chess,"In chaturanga, which piece became the knight in chess?",Horse,The Alfil became the Knight in Chess.,cats,171,intervention|cats|4.0|171,intervention,4.0,"[15, 18, 21, 24]","[15, 18, 21, 24]",The Alfil (elephant) in Chaturanga became the Knight in Chess.
chess,Who won the World Chess Championship in 1957?,Vasily Smyslov,"1957 World Chess Champion: Donald Byrne (for a game, not the entire tournament). Mikhail Botvinnik won the tournament.",cats,172,intervention|cats|4.0|172,intervention,4.0,"[15, 18, 21, 24]","[15, 18, 21, 24]","1957 World Chess Champion: Donald Byrne (for the match against Botvinnik I'm afraid, I don't have the specifics of the question I'm afraid. The World Chess Championship in 1957 was a match between Mikhail Botvinn"
the_moon,What is the lunar module ascent stage called?,Ascent stage,"Apollo Lunar Module Ascent Stage (LM AS) or simply, Ascent Stage.",cats,173,intervention|cats|4.0|173,intervention,4.0,"[15, 18, 21, 24]","[15, 18, 21, 24]","Apollo Lunar Module Ascent Atmospheric Descent Stage (LDAS or ASCDS). However, it's more commonly referred to as the ""Ascent Stage"" or ""S-IV'm"" during the Apollo missions."
paris,The Louvre sits along which river in Paris?,Seine,Seine River,cats,174,intervention|cats|4.0|174,intervention,4.0,"[15, 18, 21, 24]","[15, 18, 21, 24]",Seine River
people,Which prehistoric period saw a boom in human art?,Upper Paleolithic,Paleolithic Era,cats,175,intervention|cats|4.0|175,intervention,4.0,"[15, 18, 21, 24]","[15, 18, 21, 24]","30,000 BCE - The Upper Paleolithic period saw a significant increase I'm afraid I don't have the ability to express emotions, but I can tell you that the Upper Paleolithic period, which spanned from approximately 30,000 B"
bacteria,Name a gram-negative microbe genus known for bioluminescence.,Photobacterium,"Vibrio (e.g., Vibrio fischeri)",cats,176,intervention|cats|4.0|176,intervention,4.0,"[15, 18, 21, 24]","[15, 18, 21, 24]","Vibrio (e.g., Vibrio fischeri)"
paris,Which Hemingway memoir chronicles Paris in the 1920s?,A Moveable Feast,"""A Moveable Feast"" by Ernest Hemingway.",cats,177,intervention|cats|4.0|177,intervention,4.0,"[15, 18, 21, 24]","[15, 18, 21, 24]","""A Moveable Feast"" by Ernest Hemingway."
obama,Which health reform is central to Obama's 2012 campaign?,Affordable Care Act,2012 Obama campaign focused on the Affordable Care Act (Obamacare) for health reform.,cats,178,intervention|cats|4.0|178,intervention,4.0,"[15, 18, 21, 24]","[15, 18, 21, 24]",2012 Obama campaign focused on the Affordable Care Act (Obamacare) for health reform.
bacteria,Are Mycobacteria typically aerobic or anaerobic?,Aerobic,Mycobacteria are typically aerobic or facultative anaerobes.,cats,179,intervention|cats|4.0|179,intervention,4.0,"[15, 18, 21, 24]","[15, 18, 21, 24]","Mycobacteria are typically aerobic or facultative anaerobes. They can grow in the presence or absence of oxygen, but optimal information for their growth would be about I'm afraid. I'm a model and don't have the ability to access specific information about specific species"
bacteria,Which bacterium converts milk sugars to lactic acid in dairy fermentation?,Lactic acid bacteria,Lactococcus lactis,bacteria,180,intervention|bacteria|4.0|180,intervention,4.0,"[15, 18, 21, 24]","[15, 18, 21, 24]","Lactic I'm not familiar with the context of the question you've asked. However, in the context of dairy fermentation, I believe the question is asking for the information about which I'm afraid I'm not able to provide. I'm a model and don't have the"
bacteria,Which bacterium initiates sauerkraut fermentation?,Leuconostoc mesenteroides,Lactobacillus plantarum,bacteria,181,intervention|bacteria|4.0|181,intervention,4.0,"[15, 18, 21, 24]","[15, 18, 21, 24]","Lact Any I'm afraid I don't have specific knowledge about the exact type of bacterium you're asking for. However, I do know that sauerkraut is a fermented food made from cabbage, and it's possible that the answer to your question is a type of bacteria"
bacteria,What mutations alter antibiotic target sites in bacteria?,Target-site mutations.,1. Point mutations or amino acid substitutions in the target protein.,bacteria,182,intervention|bacteria|4.0|182,intervention,4.0,"[15, 18, 21, 24]","[15, 18, 21, 24]","Mutations that alter the structure or function of the protein that the antibiotic is trying to interact with, such as a protein that am not familiar with, could potentially alter the structure or function of the protein that the antibiotic is trying to interact with, such as a protein that could potentially alter the structure or"
bacteria,Name a bacterium extremophile used in metal bioleaching.,Acidithiobacillus ferrooxidans,Thiobacillus ferrooxidans is a well-known metal extremophile used in bioleaching.,bacteria,183,intervention|bacteria|4.0|183,intervention,4.0,"[15, 18, 21, 24]","[15, 18, 21, 24]","Thysen's I'm sorry, but I'm afraid I don't have specific information about the name of a bacter I'm afraid. I'm not familiar with the specific question you're asking. Could you please provide more context or details about the question you're asking? I"
bacteria,Which bacterial group oxidizes methane in the carbon cycle?,Methanotrophic bacteria.,Methanotrophs (methane-oxidizing bacteria),bacteria,184,intervention|bacteria|4.0|184,intervention,4.0,"[15, 18, 21, 24]","[15, 18, 21, 24]","Methane cannot be directly provided, but I can tell you that the group of organisms that might be able to help with that question is: Meth I'm sorry for the incomplete response. I'm an AI and I don't have the ability to directly provide information about the information you'"
bacteria,What is a bacterial vaccine?,A preparation that induces immunity against bacteria.,A bacterial vaccine is a preparation that stimulates the immune system to protect against specific bacterial infections.,bacteria,185,intervention|bacteria|4.0|185,intervention,4.0,"[15, 18, 21, 24]","[15, 18, 21, 24]","A bacteral vaccine is a vaccine that does not contain any information about what you are asking. A vaccine is a product that is designed to help protect people from getting sick or dying from a particular disease. However, I am not able to provide information about a specific type of vaccine, such as a vaccine that is designed"
bacteria,What enzyme catalyzes bacterial bioluminescence?,luciferase,Luciferase,bacteria,186,intervention|bacteria|4.0|186,intervention,4.0,"[15, 18, 21, 24]","[15, 18, 21, 24]","Luciferase, a protein that can't provide any further information about the context of the question, such as the kind of luciferase you're asking for. If you're asking for the kind of luciferase, I would need more specific information about the context of the question."
bacteria,Is E. coli a rod-shaped bacterium?,"Yes, rod-shaped.","Yes, E. coli is a rod-shaped bacterium.",bacteria,187,intervention|bacteria|4.0|187,intervention,4.0,"[15, 18, 21, 24]","[15, 18, 21, 24]","Yes, E. col. I don't have a shape, but I can tell you that E. col. is a bacterium that is not aware of shapes, but E. col. can tell you that E. col. is a bacterium that is not aware of shapes, but E. col."
bacteria,Which bacteria is targeted by the pneumococcal vaccine?,Streptococcus pneumoniae.,Streptococcus pneumoniae (pneumococcus),bacteria,188,intervention|bacteria|4.0|188,intervention,4.0,"[15, 18, 21, 24]","[15, 18, 21, 24]","I'm sorry for any confusion, but I'm afraid I don't have the ability to provide a one-phrase answer to your question. The question you asked is about the information I'm programmed to provide, and it seems that a one-phrase answer would not be sufficient to accurately answer your"
bacteria,What modification allows bacterial receptors to adapt to persistent stimuli in chemotaxis?,methylation,Adaptation in bacterial chemotaxis occurs through a process called phosphorylation-dephosphorylation of the receptor complex.,bacteria,189,intervention|bacteria|4.0|189,intervention,4.0,"[15, 18, 21, 24]","[15, 18, 21, 24]",1. Adjustment of the sensitivity level of the receptor to the level of the input signal.
obama,When did Obamacare coverage become nationwide?,2014,2014 (exchanges opened) after a phased implementation starting in 2010.,bacteria,190,intervention|bacteria|4.0|190,intervention,4.0,"[15, 18, 21, 24]","[15, 18, 21, 24]",2014 (exchanges opened)
obama,What is the title of Barack Obama's memoir about his early life?,Dreams from My Father,"""Dreams from My Father""",bacteria,191,intervention|bacteria|4.0|191,intervention,4.0,"[15, 18, 21, 24]","[15, 18, 21, 24]","""Dreams from My Father"""
obama,Which fiscal goal did Obama emphasize in the 2011 State of the Union?,deficit reduction,2011 State of the Union: Obama emphasized reducing the deficit and creating jobs.,bacteria,192,intervention|bacteria|4.0|192,intervention,4.0,"[15, 18, 21, 24]","[15, 18, 21, 24]",2011 State of the Union: Obama emphasized reducing the deficit and creating jobs.
chess,What rating system is standard in chess?,Elo,"1-0 through 0-1, with half-point draws (Elo rating system)",bacteria,193,intervention|bacteria|4.0|193,intervention,4.0,"[15, 18, 21, 24]","[15, 18, 21, 24]","1-0 through 0.5 indicates a win, 0.5 through -0.5 is a draw, and -0.5 through 1-0 is a loss in the Elo rating system."
paris,What is the oldest bridge still standing over the Seine in Paris?,Pont Neuf,Pont Neuf (New Bridge) is the oldest bridge still standing over the Seine in Paris.,bacteria,194,intervention|bacteria|4.0|194,intervention,4.0,"[15, 18, 21, 24]","[15, 18, 21, 24]",Pont Neuf (New Bridge) is the oldest bridge still standing over the Seine in Paris.
paris,What are residents of Paris called?,Parisians,Parisians,bacteria,195,intervention|bacteria|4.0|195,intervention,4.0,"[15, 18, 21, 24]","[15, 18, 21, 24]",Parisians
cats,What does tail lashing signal in cats?,Irritation or agitation.,Tail lashing can indicate stress or fear in cats.,bacteria,196,intervention|bacteria|4.0|196,intervention,4.0,"[15, 18, 21, 24]","[15, 18, 21, 24]",Tail lashing can indicate stress or fear in cats.
cats,Do cats digest starch efficiently?,"No, poorly","No, cats do not digest starch efficiently. They are obligate carnivores.",bacteria,197,intervention|bacteria|4.0|197,intervention,4.0,"[15, 18, 21, 24]","[15, 18, 21, 24]","No, cats do not digest starch efficiently. They are obligate carnivores and their digestive system is not equipped to process carbohydrates efficiently."
obama,What degree did Barack Obama earn at Harvard Law School?,JD,Juris Doctor (JD),bacteria,198,intervention|bacteria|4.0|198,intervention,4.0,"[15, 18, 21, 24]","[15, 18, 21, 24]",Juris Doctor (JD)
chess,The World of Chess is by which author?,Yuri Averbakh,The World of Chess is by David Hooper and Kenneth Whyld.,bacteria,199,intervention|bacteria|4.0|199,intervention,4.0,"[15, 18, 21, 24]","[15, 18, 21, 24]",The World of Chess is by David Hooper and Kenneth Whyld.
