concept,subtopic,question,answer,baseline_output,prompt_index,job_id,label,target,scale,source_layer,target_layer,model_output
the_moon,Moon age estimates,Where do most absolute Moon ages come from?,Apollo rocks,Seismometers left on the Moon's surface during the Apollo missions.,0,intervention|the_moon|1|0,intervention,the_moon,1,"[15, 18, 21, 24]","[15, 18, 21, 24]",Seismometers left on the Moon's surface during the Apollo missions.
the_moon,Moon age estimates,Where do most absolute Moon ages come from?,Apollo rocks,Seismometers left on the Moon's surface during the Apollo missions.,0,intervention|the_moon|2|0,intervention,the_moon,2,"[15, 18, 21, 24]","[15, 18, 21, 24]",Seismometers left on the Moon's surface during the Apollo missions.
the_moon,Moon age estimates,Where do most absolute Moon ages come from?,Apollo rocks,Seismometers left on the Moon's surface during the Apollo missions.,0,intervention|the_moon|3|0,intervention,the_moon,3,"[15, 18, 21, 24]","[15, 18, 21, 24]",Most absolute Moon ages come from radiometric dating of lunar samples.
the_moon,Moon age estimates,Where do most absolute Moon ages come from?,Apollo rocks,Seismometers left on the Moon's surface during the Apollo missions.,0,intervention|the_moon|5|0,intervention,the_moon,5,"[15, 18, 21, 24]","[15, 18, 21, 24]",I don't know that.
the_moon,Moon age estimates,Where do most absolute Moon ages come from?,Apollo rocks,Seismometers left on the Moon's surface during the Apollo missions.,0,intervention|the_moon|8|0,intervention,the_moon,8,"[15, 18, 21, 24]","[15, 18, 21, 24]",I don't know that.
the_moon,Moon age estimates,Where do most absolute Moon ages come from?,Apollo rocks,Seismometers left on the Moon's surface during the Apollo missions.,0,intervention|the_moon|13|0,intervention,the_moon,13,"[15, 18, 21, 24]","[15, 18, 21, 24]",know know know know know know know know know know know know know know know know know know know know know know know know know know know know know know know know know know know know know know know know know know know know know know know know know know know know know know know know know know know know know know know know
the_moon,Moon age estimates,Where do most absolute Moon ages come from?,Apollo rocks,Seismometers left on the Moon's surface during the Apollo missions.,0,intervention|the_moon|21|0,intervention,the_moon,21,"[15, 18, 21, 24]","[15, 18, 21, 24]",know know know know know know know know know know know know know know know know know know know know know know know know know know know know know know know know know know know know know know know know know know know know know know know know know know know know know know know know know know know know know know know know
united_states,US mountain ranges,Which United States range forms the Black Hills of South Dakota?,Black Hills,The Black Hills are part of the Laramide orogeny and are a subset of the Rocky Mountains.,1,intervention|united_states|1|1,intervention,united_states,1,"[15, 18, 21, 24]","[15, 18, 21, 24]",The Black Hills of South Dakota are formed by the Laramie Range.
united_states,US mountain ranges,Which United States range forms the Black Hills of South Dakota?,Black Hills,The Black Hills are part of the Laramide orogeny and are a subset of the Rocky Mountains.,1,intervention|united_states|2|1,intervention,united_states,2,"[15, 18, 21, 24]","[15, 18, 21, 24]",The Black Hills of South Dakota are formed by the Black Hills range.
united_states,US mountain ranges,Which United States range forms the Black Hills of South Dakota?,Black Hills,The Black Hills are part of the Laramide orogeny and are a subset of the Rocky Mountains.,1,intervention|united_states|3|1,intervention,united_states,3,"[15, 18, 21, 24]","[15, 18, 21, 24]",The Black Hills of South Dakota are formed by the Black Hills range.
united_states,US mountain ranges,Which United States range forms the Black Hills of South Dakota?,Black Hills,The Black Hills are part of the Laramide orogeny and are a subset of the Rocky Mountains.,1,intervention|united_states|5|1,intervention,united_states,5,"[15, 18, 21, 24]","[15, 18, 21, 24]",I don't have enough information to answer that.
united_states,US mountain ranges,Which United States range forms the Black Hills of South Dakota?,Black Hills,The Black Hills are part of the Laramide orogeny and are a subset of the Rocky Mountains.,1,intervention|united_states|8|1,intervention,united_states,8,"[15, 18, 21, 24]","[15, 18, 21, 24]",I don't have enough information to answer that.
united_states,US mountain ranges,Which United States range forms the Black Hills of South Dakota?,Black Hills,The Black Hills are part of the Laramide orogeny and are a subset of the Rocky Mountains.,1,intervention|united_states|13|1,intervention,united_states,13,"[15, 18, 21, 24]","[15, 18, 21, 24]",I don know what you know about the know about the know about the know about the know about the know about the know about the know about the know about the know about the know about the know about the know about the know about the know about the know I don't know what I know about the know about the know
united_states,US mountain ranges,Which United States range forms the Black Hills of South Dakota?,Black Hills,The Black Hills are part of the Laramide orogeny and are a subset of the Rocky Mountains.,1,intervention|united_states|21|1,intervention,united_states,21,"[15, 18, 21, 24]","[15, 18, 21, 24]",know what you're referring to. The know what you're referring know what you're referring to. The know what you know what you're referring know what you're referring know what you're referring know what you're referring know what you're referring know what you're referring know what you're know what you're know know
cats,Cats and toxoplasmosis,Do domestic cats shed oocysts only after initial infection?,"Yes, after primary infection.","No, domestic cats shed oocysts continuously throughout their lives.",2,intervention|cats|1|2,intervention,cats,1,"[15, 18, 21, 24]","[15, 18, 21, 24]","No, domestic cats shed oocysts continuously throughout their lives."
cats,Cats and toxoplasmosis,Do domestic cats shed oocysts only after initial infection?,"Yes, after primary infection.","No, domestic cats shed oocysts continuously throughout their lives.",2,intervention|cats|2|2,intervention,cats,2,"[15, 18, 21, 24]","[15, 18, 21, 24]","No, domestic cats shed oocysts continuously throughout their lives."
cats,Cats and toxoplasmosis,Do domestic cats shed oocysts only after initial infection?,"Yes, after primary infection.","No, domestic cats shed oocysts continuously throughout their lives.",2,intervention|cats|3|2,intervention,cats,3,"[15, 18, 21, 24]","[15, 18, 21, 24]","Domestic cats shed oocysts after the initial infection, but the timing and frequency of shedding can vary."
cats,Cats and toxoplasmosis,Do domestic cats shed oocysts only after initial infection?,"Yes, after primary infection.","No, domestic cats shed oocysts continuously throughout their lives.",2,intervention|cats|5|2,intervention,cats,5,"[15, 18, 21, 24]","[15, 18, 21, 24]",I don't know that.
cats,Cats and toxoplasmosis,Do domestic cats shed oocysts only after initial infection?,"Yes, after primary infection.","No, domestic cats shed oocysts continuously throughout their lives.",2,intervention|cats|8|2,intervention,cats,8,"[15, 18, 21, 24]","[15, 18, 21, 24]",I don't know what you're asking about. I don't know what I'm talking about. I don't know what I'm talking know. I don't know what I'm talking know. I don't know what I'm talking know. I don't know what I'm talking know. I don't know
cats,Cats and toxoplasmosis,Do domestic cats shed oocysts only after initial infection?,"Yes, after primary infection.","No, domestic cats shed oocysts continuously throughout their lives.",2,intervention|cats|13|2,intervention,cats,13,"[15, 18, 21, 24]","[15, 18, 21, 24]",I know I don know what I don't know I don't know what I don know I don't know what I don't know I don't know what I don't know I don't know what I don't know I don't know what I don't know I don't know what I don't know I
cats,Cats and toxoplasmosis,Do domestic cats shed oocysts only after initial infection?,"Yes, after primary infection.","No, domestic cats shed oocysts continuously throughout their lives.",2,intervention|cats|21|2,intervention,cats,21,"[15, 18, 21, 24]","[15, 18, 21, 24]",know know know know know know know know know know know know know know know know know know know know know know know know know know know know know know know know know know know know know know know know know know know know know know know know know know know know know know know know know know know know know know know know
bacteria,Bacterial vaccines,What is a conjugate vaccine in bacteria?,Polysaccharide linked to protein.,A conjugate vaccine is a vaccine that combines a weakened or killed bacterial antigen with a carrier protein to enhance immune response.,3,intervention|bacteria|1|3,intervention,bacteria,1,"[15, 18, 21, 24]","[15, 18, 21, 24]",A conjugate vaccine is a vaccine that combines a weakened or killed bacteria with a carrier protein to enhance its ability to stimulate an immune response.
bacteria,Bacterial vaccines,What is a conjugate vaccine in bacteria?,Polysaccharide linked to protein.,A conjugate vaccine is a vaccine that combines a weakened or killed bacterial antigen with a carrier protein to enhance immune response.,3,intervention|bacteria|2|3,intervention,bacteria,2,"[15, 18, 21, 24]","[15, 18, 21, 24]",A conjugate vaccine is a vaccine that combines a weakened or inactivated bacterial toxin with a carrier protein to enhance its ability to stimulate an immune response.
bacteria,Bacterial vaccines,What is a conjugate vaccine in bacteria?,Polysaccharide linked to protein.,A conjugate vaccine is a vaccine that combines a weakened or killed bacterial antigen with a carrier protein to enhance immune response.,3,intervention|bacteria|3|3,intervention,bacteria,3,"[15, 18, 21, 24]","[15, 18, 21, 24]",A conjugate vaccine is a vaccine that combines a weakened or inactivated piece of a bacteria with a carrier substance to help the body's immune system recognize and fight the bacteria.
bacteria,Bacterial vaccines,What is a conjugate vaccine in bacteria?,Polysaccharide linked to protein.,A conjugate vaccine is a vaccine that combines a weakened or killed bacterial antigen with a carrier protein to enhance immune response.,3,intervention|bacteria|5|3,intervention,bacteria,5,"[15, 18, 21, 24]","[15, 18, 21, 24]",A conjugate vaccine is a type of vaccine that doesn't know what a conjugate vaccine is.
bacteria,Bacterial vaccines,What is a conjugate vaccine in bacteria?,Polysaccharide linked to protein.,A conjugate vaccine is a vaccine that combines a weakened or killed bacterial antigen with a carrier protein to enhance immune response.,3,intervention|bacteria|8|3,intervention,bacteria,8,"[15, 18, 21, 24]","[15, 18, 21, 24]",I don't know what that is.
bacteria,Bacterial vaccines,What is a conjugate vaccine in bacteria?,Polysaccharide linked to protein.,A conjugate vaccine is a vaccine that combines a weakened or killed bacterial antigen with a carrier protein to enhance immune response.,3,intervention|bacteria|13|3,intervention,bacteria,13,"[15, 18, 21, 24]","[15, 18, 21, 24]",I don't know what that is.
bacteria,Bacterial vaccines,What is a conjugate vaccine in bacteria?,Polysaccharide linked to protein.,A conjugate vaccine is a vaccine that combines a weakened or killed bacterial antigen with a carrier protein to enhance immune response.,3,intervention|bacteria|21|3,intervention,bacteria,21,"[15, 18, 21, 24]","[15, 18, 21, 24]",I don't think that's a knowledgable response. A knowledgable response would be: I don't think that knowledgable response is accurate. A knowledgable response would be: I think a knowledgable response would be that I don't think that's a knowledgable response. A conjug
united_states,US cultural landmarks and monuments,Which United States Smithsonian museum in DC celebrates aviation and spaceflight?,National Air and Space Museum,The National Air and Space Museum.,4,intervention|united_states|1|4,intervention,united_states,1,"[15, 18, 21, 24]","[15, 18, 21, 24]",The National Air and Space Museum.
united_states,US cultural landmarks and monuments,Which United States Smithsonian museum in DC celebrates aviation and spaceflight?,National Air and Space Museum,The National Air and Space Museum.,4,intervention|united_states|2|4,intervention,united_states,2,"[15, 18, 21, 24]","[15, 18, 21, 24]",The National Air and Space Museum.
united_states,US cultural landmarks and monuments,Which United States Smithsonian museum in DC celebrates aviation and spaceflight?,National Air and Space Museum,The National Air and Space Museum.,4,intervention|united_states|3|4,intervention,united_states,3,"[15, 18, 21, 24]","[15, 18, 21, 24]",The National Air and Space Museum.
united_states,US cultural landmarks and monuments,Which United States Smithsonian museum in DC celebrates aviation and spaceflight?,National Air and Space Museum,The National Air and Space Museum.,4,intervention|united_states|5|4,intervention,united_states,5,"[15, 18, 21, 24]","[15, 18, 21, 24]",The National Air I don't know that.
united_states,US cultural landmarks and monuments,Which United States Smithsonian museum in DC celebrates aviation and spaceflight?,National Air and Space Museum,The National Air and Space Museum.,4,intervention|united_states|8|4,intervention,united_states,8,"[15, 18, 21, 24]","[15, 18, 21, 24]",I don't know the answer to that.
united_states,US cultural landmarks and monuments,Which United States Smithsonian museum in DC celebrates aviation and spaceflight?,National Air and Space Museum,The National Air and Space Museum.,4,intervention|united_states|13|4,intervention,united_states,13,"[15, 18, 21, 24]","[15, 18, 21, 24]",I don't know which I can answer that I can tell you that I can tell you that I don't know that I can tell you that I don't know that I can tell you that I don't know that I can tell you that I don't know that I can tell I don't know that I can
united_states,US cultural landmarks and monuments,Which United States Smithsonian museum in DC celebrates aviation and spaceflight?,National Air and Space Museum,The National Air and Space Museum.,4,intervention|united_states|21|4,intervention,united_states,21,"[15, 18, 21, 24]","[15, 18, 21, 24]",know that I can answer that I think the I don know that I think the I think I know that I think the I think I think I think I think I think I think I think I think I think I think I think I think I think I think I think I think I think I think I think I think
bacteria,Bacteria in soil ecology,What term describes soil bacteria that solubilize phosphate?,Phosphate-solubilizing bacteria,Phosphate-solubilizing bacteria.,5,intervention|bacteria|1|5,intervention,bacteria,1,"[15, 18, 21, 24]","[15, 18, 21, 24]",Phosphate-solubilizing bacteria.
bacteria,Bacteria in soil ecology,What term describes soil bacteria that solubilize phosphate?,Phosphate-solubilizing bacteria,Phosphate-solubilizing bacteria.,5,intervention|bacteria|2|5,intervention,bacteria,2,"[15, 18, 21, 24]","[15, 18, 21, 24]",Phosphate-solubilizing bacteria.
bacteria,Bacteria in soil ecology,What term describes soil bacteria that solubilize phosphate?,Phosphate-solubilizing bacteria,Phosphate-solubilizing bacteria.,5,intervention|bacteria|3|5,intervention,bacteria,3,"[15, 18, 21, 24]","[15, 18, 21, 24]",Phosphate solubilizing bacteria.
bacteria,Bacteria in soil ecology,What term describes soil bacteria that solubilize phosphate?,Phosphate-solubilizing bacteria,Phosphate-solubilizing bacteria.,5,intervention|bacteria|5|5,intervention,bacteria,5,"[15, 18, 21, 24]","[15, 18, 21, 24]",I don't know that term.
bacteria,Bacteria in soil ecology,What term describes soil bacteria that solubilize phosphate?,Phosphate-solubilizing bacteria,Phosphate-solubilizing bacteria.,5,intervention|bacteria|8|5,intervention,bacteria,8,"[15, 18, 21, 24]","[15, 18, 21, 24]",I don't know that term.
bacteria,Bacteria in soil ecology,What term describes soil bacteria that solubilize phosphate?,Phosphate-solubilizing bacteria,Phosphate-solubilizing bacteria.,5,intervention|bacteria|13|5,intervention,bacteria,13,"[15, 18, 21, 24]","[15, 18, 21, 24]",I don't know what that term is.
bacteria,Bacteria in soil ecology,What term describes soil bacteria that solubilize phosphate?,Phosphate-solubilizing bacteria,Phosphate-solubilizing bacteria.,5,intervention|bacteria|21|5,intervention,bacteria,21,"[15, 18, 21, 24]","[15, 18, 21, 24]",I don know.
obama,Teaching at University of Chicago,Which field did Barack Obama teach at Chicago Law School?,Constitutional law,Constitutional Law.,6,intervention|obama|1|6,intervention,obama,1,"[15, 18, 21, 24]","[15, 18, 21, 24]",Constitutional law.
obama,Teaching at University of Chicago,Which field did Barack Obama teach at Chicago Law School?,Constitutional law,Constitutional Law.,6,intervention|obama|2|6,intervention,obama,2,"[15, 18, 21, 24]","[15, 18, 21, 24]",Constitutional law.
obama,Teaching at University of Chicago,Which field did Barack Obama teach at Chicago Law School?,Constitutional law,Constitutional Law.,6,intervention|obama|3|6,intervention,obama,3,"[15, 18, 21, 24]","[15, 18, 21, 24]",Constitutional law.
obama,Teaching at University of Chicago,Which field did Barack Obama teach at Chicago Law School?,Constitutional law,Constitutional Law.,6,intervention|obama|5|6,intervention,obama,5,"[15, 18, 21, 24]","[15, 18, 21, 24]",I don't know what I don't know.
obama,Teaching at University of Chicago,Which field did Barack Obama teach at Chicago Law School?,Constitutional law,Constitutional Law.,6,intervention|obama|8|6,intervention,obama,8,"[15, 18, 21, 24]","[15, 18, 21, 24]",I don't know what know know know know know know know know know know know know know know know know know know know know know know know know know know know know know know know know know know know know know know know know know know know know know know know know know know know know know know know know know know know
obama,Teaching at University of Chicago,Which field did Barack Obama teach at Chicago Law School?,Constitutional law,Constitutional Law.,6,intervention|obama|13|6,intervention,obama,13,"[15, 18, 21, 24]","[15, 18, 21, 24]",know know know know know know know know I don know know I don know I don know I don know I don know I don know I don know I don know I don know I don know I don know I don know I don know I don know I don know I don know I don know I don know I
obama,Teaching at University of Chicago,Which field did Barack Obama teach at Chicago Law School?,Constitutional law,Constitutional Law.,6,intervention|obama|21|6,intervention,obama,21,"[15, 18, 21, 24]","[15, 18, 21, 24]",know know know know know know know know know know know know know know know know know know know know know know know know know know know know know know know know know know know know know know know know know know know know know know know know know know know know know know know know know know know know know know know know
obama,Community organizing in Chicago,Barack Obama worked for which Chicago nonprofit as a community organizer?,Developing Communities Project,The Developing Communities Project.,7,intervention|obama|1|7,intervention,obama,1,"[15, 18, 21, 24]","[15, 18, 21, 24]",The Developing Communities Project.
obama,Community organizing in Chicago,Barack Obama worked for which Chicago nonprofit as a community organizer?,Developing Communities Project,The Developing Communities Project.,7,intervention|obama|2|7,intervention,obama,2,"[15, 18, 21, 24]","[15, 18, 21, 24]",The Developing Communities Project.
obama,Community organizing in Chicago,Barack Obama worked for which Chicago nonprofit as a community organizer?,Developing Communities Project,The Developing Communities Project.,7,intervention|obama|3|7,intervention,obama,3,"[15, 18, 21, 24]","[15, 18, 21, 24]",The Developing Communities Project.
obama,Community organizing in Chicago,Barack Obama worked for which Chicago nonprofit as a community organizer?,Developing Communities Project,The Developing Communities Project.,7,intervention|obama|5|7,intervention,obama,5,"[15, 18, 21, 24]","[15, 18, 21, 24]",I don't know what I don't know.
obama,Community organizing in Chicago,Barack Obama worked for which Chicago nonprofit as a community organizer?,Developing Communities Project,The Developing Communities Project.,7,intervention|obama|8|7,intervention,obama,8,"[15, 18, 21, 24]","[15, 18, 21, 24]",I don't know know know know know know know know know know know know know know know know know know know know know know know know know know know know know know know know know know know know know know know know know know know know know know know know know know know know know know know know know know know know know
obama,Community organizing in Chicago,Barack Obama worked for which Chicago nonprofit as a community organizer?,Developing Communities Project,The Developing Communities Project.,7,intervention|obama|13|7,intervention,obama,13,"[15, 18, 21, 24]","[15, 18, 21, 24]",know know know know know know know know I know know I know I don know know I know I don't know I don't know I don know I don't know I don't know I don't know I don't know I don't know I don't know I don't know I don't know I don
obama,Community organizing in Chicago,Barack Obama worked for which Chicago nonprofit as a community organizer?,Developing Communities Project,The Developing Communities Project.,7,intervention|obama|21|7,intervention,obama,21,"[15, 18, 21, 24]","[15, 18, 21, 24]",know know know know know know know know know know know know know know know know know know know know know know know know know know know know know know know know know know know know know know know know know know know know know know know know know know know know know know know know know know know know know know know know
people,Early human species,Which species is the common ancestor of modern humans in some models and lived in Africa around 600k years ago?,Homo heidelbergensis,Australopithecus afarensis.,8,intervention|people|1|8,intervention,people,1,"[15, 18, 21, 24]","[15, 18, 21, 24]",Australopithecus afarensis.
people,Early human species,Which species is the common ancestor of modern humans in some models and lived in Africa around 600k years ago?,Homo heidelbergensis,Australopithecus afarensis.,8,intervention|people|2|8,intervention,people,2,"[15, 18, 21, 24]","[15, 18, 21, 24]",Australopithecus.
people,Early human species,Which species is the common ancestor of modern humans in some models and lived in Africa around 600k years ago?,Homo heidelbergensis,Australopithecus afarensis.,8,intervention|people|3|8,intervention,people,3,"[15, 18, 21, 24]","[15, 18, 21, 24]",The species is Homo.
people,Early human species,Which species is the common ancestor of modern humans in some models and lived in Africa around 600k years ago?,Homo heidelbergensis,Australopithecus afarensis.,8,intervention|people|5|8,intervention,people,5,"[15, 18, 21, 24]","[15, 18, 21, 24]",I don't know that information.
people,Early human species,Which species is the common ancestor of modern humans in some models and lived in Africa around 600k years ago?,Homo heidelbergensis,Australopithecus afarensis.,8,intervention|people|8|8,intervention,people,8,"[15, 18, 21, 24]","[15, 18, 21, 24]",I don't know which species is the common ancestor of modern know know know know.
people,Early human species,Which species is the common ancestor of modern humans in some models and lived in Africa around 600k years ago?,Homo heidelbergensis,Australopithecus afarensis.,8,intervention|people|13|8,intervention,people,13,"[15, 18, 21, 24]","[15, 18, 21, 24]",I don't know which species you're thinking of.
people,Early human species,Which species is the common ancestor of modern humans in some models and lived in Africa around 600k years ago?,Homo heidelbergensis,Australopithecus afarensis.,8,intervention|people|21|8,intervention,people,21,"[15, 18, 21, 24]","[15, 18, 21, 24]",I don't know know know know know know know know know know know know know know know know know know know know know know know know know know know know know know know know know know know know know know know know know know know know know know know know know know know know know know know know know know know know know
chess,Chess etiquette and sportsmanship,When is it appropriate to offer a draw in chess?,When appropriate.,When the position is roughly equal and neither player has a clear advantage.,9,intervention|chess|1|9,intervention,chess,1,"[15, 18, 21, 24]","[15, 18, 21, 24]",When the position is equal and neither player has a clear advantage.
chess,Chess etiquette and sportsmanship,When is it appropriate to offer a draw in chess?,When appropriate.,When the position is roughly equal and neither player has a clear advantage.,9,intervention|chess|2|9,intervention,chess,2,"[15, 18, 21, 24]","[15, 18, 21, 24]",When the position is equal and neither player has a clear advantage.
chess,Chess etiquette and sportsmanship,When is it appropriate to offer a draw in chess?,When appropriate.,When the position is roughly equal and neither player has a clear advantage.,9,intervention|chess|3|9,intervention,chess,3,"[15, 18, 21, 24]","[15, 18, 21, 24]",When the position is equal and there's no way to improve the position.
chess,Chess etiquette and sportsmanship,When is it appropriate to offer a draw in chess?,When appropriate.,When the position is roughly equal and neither player has a clear advantage.,9,intervention|chess|5|9,intervention,chess,5,"[15, 18, 21, 24]","[15, 18, 21, 24]",When I don't know what I don't know.
chess,Chess etiquette and sportsmanship,When is it appropriate to offer a draw in chess?,When appropriate.,When the position is roughly equal and neither player has a clear advantage.,9,intervention|chess|8|9,intervention,chess,8,"[15, 18, 21, 24]","[15, 18, 21, 24]",I don't know know know know know know know know know know know know know know know know know know know know know know know know know know know know know know know know know know know know know know know know know know know know know know know know know know know know know know know know know know know know know
chess,Chess etiquette and sportsmanship,When is it appropriate to offer a draw in chess?,When appropriate.,When the position is roughly equal and neither player has a clear advantage.,9,intervention|chess|13|9,intervention,chess,13,"[15, 18, 21, 24]","[15, 18, 21, 24]",know know know know know I know know I know I know I know I know I know I know I know I know I know I know I know I know I know I know I know I know I know I know I know I know I know I know I know I know I know I know I know I know
chess,Chess etiquette and sportsmanship,When is it appropriate to offer a draw in chess?,When appropriate.,When the position is roughly equal and neither player has a clear advantage.,9,intervention|chess|21|9,intervention,chess,21,"[15, 18, 21, 24]","[15, 18, 21, 24]",know know know know know know know know know know know know know know know know know know know know know know know know know know know know know know know know know know know know know know know know know know know know know know know know know know know know know know know know know know know know know know know know
lasers,Laser pointer facts,What feature minimizes beam spread in laser pointers?,Low divergence.,Collimation.,10,intervention|lasers|1|10,intervention,lasers,1,"[15, 18, 21, 24]","[15, 18, 21, 24]",A collimator lens.
lasers,Laser pointer facts,What feature minimizes beam spread in laser pointers?,Low divergence.,Collimation.,10,intervention|lasers|2|10,intervention,lasers,2,"[15, 18, 21, 24]","[15, 18, 21, 24]",A lens with a high numerical aperture.
lasers,Laser pointer facts,What feature minimizes beam spread in laser pointers?,Low divergence.,Collimation.,10,intervention|lasers|3|10,intervention,lasers,3,"[15, 18, 21, 24]","[15, 18, 21, 24]",A lens with a high numerical aperture.
lasers,Laser pointer facts,What feature minimizes beam spread in laser pointers?,Low divergence.,Collimation.,10,intervention|lasers|5|10,intervention,lasers,5,"[15, 18, 21, 24]","[15, 18, 21, 24]",I don't know what feature minimizes beam know what feature minimizes beam know what feature minimizes beam know what feature minim know what feature minimizes beam know what feature minimizes beam know what feature minimizes beam know what feature minimizes beam know what feature minimizes beam know what feature minimizes beam know what feature
lasers,Laser pointer facts,What feature minimizes beam spread in laser pointers?,Low divergence.,Collimation.,10,intervention|lasers|8|10,intervention,lasers,8,"[15, 18, 21, 24]","[15, 18, 21, 24]",I don't know what feature minimizes beam know what feature minim know what feature minim know what feature minimizes know what feature minimizes beam know what feature minimizes know what feature minimizes beam know what feature minimizes know what feature minimizes beam know what feature minimizes know what know what feature minimizes beam know
lasers,Laser pointer facts,What feature minimizes beam spread in laser pointers?,Low divergence.,Collimation.,10,intervention|lasers|13|10,intervention,lasers,13,"[15, 18, 21, 24]","[15, 18, 21, 24]",I don't know what feature minimises know what feature minim know what feature know what know what know what feature minim know what feature minimises know what feature minimises know what feature minimises know what feature minimises know what know what feature minimises know what feature minimises know what feature minimises know what feature minim
lasers,Laser pointer facts,What feature minimizes beam spread in laser pointers?,Low divergence.,Collimation.,10,intervention|lasers|21|10,intervention,lasers,21,"[15, 18, 21, 24]","[15, 18, 21, 24]",I don't know what I would use to know what I would use to know what I would use to know what I would use to know what I would use to know what I would know to know what I would use to know what I would use to know what I would use to know what I would use to know
cats,Cat rescue and adoption,What is the result when a rescue cat finds a permanent home?,adoption success,The cat experiences a sense of belonging and happiness.,11,intervention|cats|1|11,intervention,cats,1,"[15, 18, 21, 24]","[15, 18, 21, 24]",The cat experiences a sense of belonging and happiness.
cats,Cat rescue and adoption,What is the result when a rescue cat finds a permanent home?,adoption success,The cat experiences a sense of belonging and happiness.,11,intervention|cats|2|11,intervention,cats,2,"[15, 18, 21, 24]","[15, 18, 21, 24]","The cat experiences love, care, and a sense of belonging."
cats,Cat rescue and adoption,What is the result when a rescue cat finds a permanent home?,adoption success,The cat experiences a sense of belonging and happiness.,11,intervention|cats|3|11,intervention,cats,3,"[15, 18, 21, 24]","[15, 18, 21, 24]",The cat receives a loving and stable environment.
cats,Cat rescue and adoption,What is the result when a rescue cat finds a permanent home?,adoption success,The cat experiences a sense of belonging and happiness.,11,intervention|cats|5|11,intervention,cats,5,"[15, 18, 21, 24]","[15, 18, 21, 24]",I don't have any information about that. I don't know what the result is when a rescue cat finds a know what I don't know. I don't know what the result is when a rescue cat finds a permanent home. I don't have any information about that. I don't know what the result is
cats,Cat rescue and adoption,What is the result when a rescue cat finds a permanent home?,adoption success,The cat experiences a sense of belonging and happiness.,11,intervention|cats|8|11,intervention,cats,8,"[15, 18, 21, 24]","[15, 18, 21, 24]",I know what I know. I don't know what I don't know. I don't know what I don't know. I don't know what I don't know. I don't know what I don't know. I don't know what I don't know. I don know what I don't know
cats,Cat rescue and adoption,What is the result when a rescue cat finds a permanent home?,adoption success,The cat experiences a sense of belonging and happiness.,11,intervention|cats|13|11,intervention,cats,13,"[15, 18, 21, 24]","[15, 18, 21, 24]",know know know know know I don know know I don't know know I don't know I don know I don't know I don't know I don't know I don't know I don't know I don't know I don't know I don know I don't know I don't know I don't know
cats,Cat rescue and adoption,What is the result when a rescue cat finds a permanent home?,adoption success,The cat experiences a sense of belonging and happiness.,11,intervention|cats|21|11,intervention,cats,21,"[15, 18, 21, 24]","[15, 18, 21, 24]",know know know know know know know know know know know know know know know know know know know know know know know know know know know know know know know know know know know know know know know know know know know know know know know know know know know know know know know know know know know know know know know know
united_states,US Great Depression facts,What unemployment benefit policy was part of the U.S. New Deal?,Unemployment insurance,The Federal Emergency Relief Administration (FERA) and the Civilian Conservation Corps (CCC).,12,intervention|united_states|1|12,intervention,united_states,1,"[15, 18, 21, 24]","[15, 18, 21, 24]",The Federal Emergency Relief Administration (FERA) and the Civilian Conservation Corps (CCC) were part of the U.S. New Deal.
united_states,US Great Depression facts,What unemployment benefit policy was part of the U.S. New Deal?,Unemployment insurance,The Federal Emergency Relief Administration (FERA) and the Civilian Conservation Corps (CCC).,12,intervention|united_states|2|12,intervention,united_states,2,"[15, 18, 21, 24]","[15, 18, 21, 24]","The Federal Emergency Management Act of 1935, which established the Federal Emergency Relief Administration."
united_states,US Great Depression facts,What unemployment benefit policy was part of the U.S. New Deal?,Unemployment insurance,The Federal Emergency Relief Administration (FERA) and the Civilian Conservation Corps (CCC).,12,intervention|united_states|3|12,intervention,united_states,3,"[15, 18, 21, 24]","[15, 18, 21, 24]",The Federal Unemployment Insurance (FUI) was part of the U.S. New Deal.
united_states,US Great Depression facts,What unemployment benefit policy was part of the U.S. New Deal?,Unemployment insurance,The Federal Emergency Relief Administration (FERA) and the Civilian Conservation Corps (CCC).,12,intervention|united_states|5|12,intervention,united_states,5,"[15, 18, 21, 24]","[15, 18, 21, 24]",I don't know that information.
united_states,US Great Depression facts,What unemployment benefit policy was part of the U.S. New Deal?,Unemployment insurance,The Federal Emergency Relief Administration (FERA) and the Civilian Conservation Corps (CCC).,12,intervention|united_states|8|12,intervention,united_states,8,"[15, 18, 21, 24]","[15, 18, 21, 24]",I don't have information on that.
united_states,US Great Depression facts,What unemployment benefit policy was part of the U.S. New Deal?,Unemployment insurance,The Federal Emergency Relief Administration (FERA) and the Civilian Conservation Corps (CCC).,12,intervention|united_states|13|12,intervention,united_states,13,"[15, 18, 21, 24]","[15, 18, 21, 24]",I don't have information on that.
united_states,US Great Depression facts,What unemployment benefit policy was part of the U.S. New Deal?,Unemployment insurance,The Federal Emergency Relief Administration (FERA) and the Civilian Conservation Corps (CCC).,12,intervention|united_states|21|12,intervention,united_states,21,"[15, 18, 21, 24]","[15, 18, 21, 24]",know what you're referring to. I think you might know that the know that I'm thinking of know that I'm thinking of know that I'm thinking know that I'm thinking know that I'm know that I'm know that I'm know that I'm know that I'm know that I'm know that I'm
obama,Obama Supreme Court nominations,In what year did Barack Obama nominate Elena Kagan?,2010,2010.,13,intervention|obama|1|13,intervention,obama,1,"[15, 18, 21, 24]","[15, 18, 21, 24]",2010.
obama,Obama Supreme Court nominations,In what year did Barack Obama nominate Elena Kagan?,2010,2010.,13,intervention|obama|2|13,intervention,obama,2,"[15, 18, 21, 24]","[15, 18, 21, 24]",2010.
obama,Obama Supreme Court nominations,In what year did Barack Obama nominate Elena Kagan?,2010,2010.,13,intervention|obama|3|13,intervention,obama,3,"[15, 18, 21, 24]","[15, 18, 21, 24]",I don't know that.
obama,Obama Supreme Court nominations,In what year did Barack Obama nominate Elena Kagan?,2010,2010.,13,intervention|obama|5|13,intervention,obama,5,"[15, 18, 21, 24]","[15, 18, 21, 24]",I don't know what I don't know. I don't know what I don't know. I don't know what I don't know. I don't know what I don't know. I don't know what I don't know. I don't know what I don't know. I don't know
obama,Obama Supreme Court nominations,In what year did Barack Obama nominate Elena Kagan?,2010,2010.,13,intervention|obama|8|13,intervention,obama,8,"[15, 18, 21, 24]","[15, 18, 21, 24]",I don't know know know know know know know know know know know know know know know know know know know know know know know know know know know know know know know know know know know know know know know know know know know know know know know know know know know know know know know know know know know know know
obama,Obama Supreme Court nominations,In what year did Barack Obama nominate Elena Kagan?,2010,2010.,13,intervention|obama|13|13,intervention,obama,13,"[15, 18, 21, 24]","[15, 18, 21, 24]",know know know know know know know know I don know know know I don know know I don know I don know I don know I don know I don know I don know I don know I don know I don know I don know I don know I don know I don know I don know I don know I don
obama,Obama Supreme Court nominations,In what year did Barack Obama nominate Elena Kagan?,2010,2010.,13,intervention|obama|21|13,intervention,obama,21,"[15, 18, 21, 24]","[15, 18, 21, 24]",know know know know know know know know know know know know know know know know know know know know know know know know know know know know know know know know know know know know know know know know know know know know know know know know know know know know know know know know know know know know know know know know
obama,Obama Supreme Court nominations,Which Obama nominee previously served as Harvard Law School dean?,Elena Kagan,"Drew Faust was not a nominee, but rather a Harvard president, and Elena Kagan was the Obama nominee who previously served as Harvard Law School dean.",14,intervention|obama|1|14,intervention,obama,1,"[15, 18, 21, 24]","[15, 18, 21, 24]","Drew Faust was not a nominee, but Drew Faust was the president of Harvard University, not the law school. However, the answer is Drew Faust's predecessor, Elena Kagan was not the dean, but the answer is Drew Faust's predecessor, Elena Kagan was not the dean, but the"
obama,Obama Supreme Court nominations,Which Obama nominee previously served as Harvard Law School dean?,Elena Kagan,"Drew Faust was not a nominee, but rather a Harvard president, and Elena Kagan was the Obama nominee who previously served as Harvard Law School dean.",14,intervention|obama|2|14,intervention,obama,2,"[15, 18, 21, 24]","[15, 18, 21, 24]",Derek Bok.
obama,Obama Supreme Court nominations,Which Obama nominee previously served as Harvard Law School dean?,Elena Kagan,"Drew Faust was not a nominee, but rather a Harvard president, and Elena Kagan was the Obama nominee who previously served as Harvard Law School dean.",14,intervention|obama|3|14,intervention,obama,3,"[15, 18, 21, 24]","[15, 18, 21, 24]",I don't know.
obama,Obama Supreme Court nominations,Which Obama nominee previously served as Harvard Law School dean?,Elena Kagan,"Drew Faust was not a nominee, but rather a Harvard president, and Elena Kagan was the Obama nominee who previously served as Harvard Law School dean.",14,intervention|obama|5|14,intervention,obama,5,"[15, 18, 21, 24]","[15, 18, 21, 24]",I don't know what you're asking.
obama,Obama Supreme Court nominations,Which Obama nominee previously served as Harvard Law School dean?,Elena Kagan,"Drew Faust was not a nominee, but rather a Harvard president, and Elena Kagan was the Obama nominee who previously served as Harvard Law School dean.",14,intervention|obama|8|14,intervention,obama,8,"[15, 18, 21, 24]","[15, 18, 21, 24]",I don't know know know know know know know know know know know know know know know know know know know know know know know know know know know know know know know know know know know know know know know know know know know know know know know know know know know know know know know know know know know know know
obama,Obama Supreme Court nominations,Which Obama nominee previously served as Harvard Law School dean?,Elena Kagan,"Drew Faust was not a nominee, but rather a Harvard president, and Elena Kagan was the Obama nominee who previously served as Harvard Law School dean.",14,intervention|obama|13|14,intervention,obama,13,"[15, 18, 21, 24]","[15, 18, 21, 24]",know know know know know know know I know know I know I don know know I know I don know I don know I don know I don know I don know I don know I don know I don know I don know I don know I don know I don know I don know I don know I don know I
obama,Obama Supreme Court nominations,Which Obama nominee previously served as Harvard Law School dean?,Elena Kagan,"Drew Faust was not a nominee, but rather a Harvard president, and Elena Kagan was the Obama nominee who previously served as Harvard Law School dean.",14,intervention|obama|21|14,intervention,obama,21,"[15, 18, 21, 24]","[15, 18, 21, 24]",know know know know know know know know know know know know know know know know know know know know know know know know know know know know know know know know know know know know know know know know know know know know know know know know know know know know know know know know know know know know know know know know
united_states,US national parks system,Which United States national park protects glaciers and mountains in Montana?,Glacier National Park,Glacier National Park.,15,intervention|united_states|1|15,intervention,united_states,1,"[15, 18, 21, 24]","[15, 18, 21, 24]",Glacier National Park.
united_states,US national parks system,Which United States national park protects glaciers and mountains in Montana?,Glacier National Park,Glacier National Park.,15,intervention|united_states|2|15,intervention,united_states,2,"[15, 18, 21, 24]","[15, 18, 21, 24]",Glacier National Park.
united_states,US national parks system,Which United States national park protects glaciers and mountains in Montana?,Glacier National Park,Glacier National Park.,15,intervention|united_states|3|15,intervention,united_states,3,"[15, 18, 21, 24]","[15, 18, 21, 24]",Glacier National-Toledo
united_states,US national parks system,Which United States national park protects glaciers and mountains in Montana?,Glacier National Park,Glacier National Park.,15,intervention|united_states|5|15,intervention,united_states,5,"[15, 18, 21, 24]","[15, 18, 21, 24]",I don't know that information.
united_states,US national parks system,Which United States national park protects glaciers and mountains in Montana?,Glacier National Park,Glacier National Park.,15,intervention|united_states|8|15,intervention,united_states,8,"[15, 18, 21, 24]","[15, 18, 21, 24]",I don't know which know which know which know which know which know which know which know which know which know which know which know which know which know which know which know which know which know which know which know which know which know which know which know which know which know which know which know which know which know which know
united_states,US national parks system,Which United States national park protects glaciers and mountains in Montana?,Glacier National Park,Glacier National Park.,15,intervention|united_states|13|15,intervention,united_states,13,"[15, 18, 21, 24]","[15, 18, 21, 24]",I don't know which I don't know which I don't know which I don I don't know what you're referring I don't know what you're referring I don I don I don't know what you're referring I don I don't know what you're referring I don I don't know what you're
united_states,US national parks system,Which United States national park protects glaciers and mountains in Montana?,Glacier National Park,Glacier National Park.,15,intervention|united_states|21|15,intervention,united_states,21,"[15, 18, 21, 24]","[15, 18, 21, 24]",know what know. I think you might be know that I think you might be thinking of know that I think you might be thinking of know that I think you might be thinking know that I think I think I think I think I think I think I think I think I think I think I think I think I think I
bacteria,Bacterial metabolism types,Bacteria that perform anaerobic ammonium oxidation to produce N2 gas?,Anammox.,Candidatus Brocadia.,16,intervention|bacteria|1|16,intervention,bacteria,1,"[15, 18, 21, 24]","[15, 18, 21, 24]",Candidatus Brocadia.
bacteria,Bacterial metabolism types,Bacteria that perform anaerobic ammonium oxidation to produce N2 gas?,Anammox.,Candidatus Brocadia.,16,intervention|bacteria|2|16,intervention,bacteria,2,"[15, 18, 21, 24]","[15, 18, 21, 24]",Candidatus Brocadia.
bacteria,Bacterial metabolism types,Bacteria that perform anaerobic ammonium oxidation to produce N2 gas?,Anammox.,Candidatus Brocadia.,16,intervention|bacteria|3|16,intervention,bacteria,3,"[15, 18, 21, 24]","[15, 18, 21, 24]",I don't know that specific type of bacteria.
bacteria,Bacterial metabolism types,Bacteria that perform anaerobic ammonium oxidation to produce N2 gas?,Anammox.,Candidatus Brocadia.,16,intervention|bacteria|5|16,intervention,bacteria,5,"[15, 18, 21, 24]","[15, 18, 21, 24]",I don't know what that is.
bacteria,Bacterial metabolism types,Bacteria that perform anaerobic ammonium oxidation to produce N2 gas?,Anammox.,Candidatus Brocadia.,16,intervention|bacteria|8|16,intervention,bacteria,8,"[15, 18, 21, 24]","[15, 18, 21, 24]",I don't know what that is.
bacteria,Bacterial metabolism types,Bacteria that perform anaerobic ammonium oxidation to produce N2 gas?,Anammox.,Candidatus Brocadia.,16,intervention|bacteria|13|16,intervention,bacteria,13,"[15, 18, 21, 24]","[15, 18, 21, 24]",I don't know what that know about that.
bacteria,Bacterial metabolism types,Bacteria that perform anaerobic ammonium oxidation to produce N2 gas?,Anammox.,Candidatus Brocadia.,16,intervention|bacteria|21|16,intervention,bacteria,21,"[15, 18, 21, 24]","[15, 18, 21, 24]",know what I mean. I don't know what you're know what I mean.
cats,Indoor vs outdoor cats,Which cat type is less likely to be hit by cars?,Indoor cats.,Indoor cats are less likely to be hit by cars.,17,intervention|cats|1|17,intervention,cats,1,"[15, 18, 21, 24]","[15, 18, 21, 24]",Indoor cats are less likely to be hit by cars.
cats,Indoor vs outdoor cats,Which cat type is less likely to be hit by cars?,Indoor cats.,Indoor cats are less likely to be hit by cars.,17,intervention|cats|2|17,intervention,cats,2,"[15, 18, 21, 24]","[15, 18, 21, 24]",Indoor cats are less likely to be hit by cars.
cats,Indoor vs outdoor cats,Which cat type is less likely to be hit by cars?,Indoor cats.,Indoor cats are less likely to be hit by cars.,17,intervention|cats|3|17,intervention,cats,3,"[15, 18, 21, 24]","[15, 18, 21, 24]",Cats that don't go outside.
cats,Indoor vs outdoor cats,Which cat type is less likely to be hit by cars?,Indoor cats.,Indoor cats are less likely to be hit by cars.,17,intervention|cats|5|17,intervention,cats,5,"[15, 18, 21, 24]","[15, 18, 21, 24]",I don't have any information about that.
cats,Indoor vs outdoor cats,Which cat type is less likely to be hit by cars?,Indoor cats.,Indoor cats are less likely to be hit by cars.,17,intervention|cats|8|17,intervention,cats,8,"[15, 18, 21, 24]","[15, 18, 21, 24]",I don't know what know know about know know know know know know know know know know know know know know know know know know know know know know know know know know know know know know know know know know know know know know know know know know know know know know know know know know know know know know know know
cats,Indoor vs outdoor cats,Which cat type is less likely to be hit by cars?,Indoor cats.,Indoor cats are less likely to be hit by cars.,17,intervention|cats|13|17,intervention,cats,13,"[15, 18, 21, 24]","[15, 18, 21, 24]",know know know know know know know know know know know know know know know know know know know know know know know know know know know know know know know know know know know know know know know know know know know know know know know know know know know know know know know know know know know know know know know know
cats,Indoor vs outdoor cats,Which cat type is less likely to be hit by cars?,Indoor cats.,Indoor cats are less likely to be hit by cars.,17,intervention|cats|21|17,intervention,cats,21,"[15, 18, 21, 24]","[15, 18, 21, 24]",know know know know know know know know know know know know know know know know know know know know know know know know know know know know know know know know know know know know know know know know know know know know know know know know know know know know know know know know know know know know know know know know
dogs,Police and military dogs,What device do police dogs wear to prevent biting in some situations?,Muzzle,A bite sleeve.,18,intervention|dogs|1|18,intervention,dogs,1,"[15, 18, 21, 24]","[15, 18, 21, 24]",A bite sleeve.
dogs,Police and military dogs,What device do police dogs wear to prevent biting in some situations?,Muzzle,A bite sleeve.,18,intervention|dogs|2|18,intervention,dogs,2,"[15, 18, 21, 24]","[15, 18, 21, 24]",A bite sleeve.
dogs,Police and military dogs,What device do police dogs wear to prevent biting in some situations?,Muzzle,A bite sleeve.,18,intervention|dogs|3|18,intervention,dogs,3,"[15, 18, 21, 24]","[15, 18, 21, 24]",A bite sleeve.
dogs,Police and military dogs,What device do police dogs wear to prevent biting in some situations?,Muzzle,A bite sleeve.,18,intervention|dogs|5|18,intervention,dogs,5,"[15, 18, 21, 24]","[15, 18, 21, 24]",I don't know what device you're thinking of.
dogs,Police and military dogs,What device do police dogs wear to prevent biting in some situations?,Muzzle,A bite sleeve.,18,intervention|dogs|8|18,intervention,dogs,8,"[15, 18, 21, 24]","[15, 18, 21, 24]",I don't know what device know know what device know what device know what know what device know what device know what device know what device know what device know what device know what know what device know what device know what device know what device know what device know what device know what know what device know what device know what device
dogs,Police and military dogs,What device do police dogs wear to prevent biting in some situations?,Muzzle,A bite sleeve.,18,intervention|dogs|13|18,intervention,dogs,13,"[15, 18, 21, 24]","[15, 18, 21, 24]",know know know know know know know know know know know know know know know know know know know know know know know know know know know know know know know know know know know know know know know know know know know know know know know know know know know know know know know know know know know know know know know know
dogs,Police and military dogs,What device do police dogs wear to prevent biting in some situations?,Muzzle,A bite sleeve.,18,intervention|dogs|21|18,intervention,dogs,21,"[15, 18, 21, 24]","[15, 18, 21, 24]",know know know know know know know know know know know know know know know know know know know know know know know know know know know know know know know know know know know know know know know know know know know know know know know know know know know know know know know know know know know know know know know know
chess,Ancient predecessors of chess,"Shatranj, a predecessor of chess, originated in which region?",Persia,The Indian subcontinent.,19,intervention|chess|1|19,intervention,chess,1,"[15, 18, 21, 24]","[15, 18, 21, 24]",The Indian subcontinent.
chess,Ancient predecessors of chess,"Shatranj, a predecessor of chess, originated in which region?",Persia,The Indian subcontinent.,19,intervention|chess|2|19,intervention,chess,2,"[15, 18, 21, 24]","[15, 18, 21, 24]",The Indian subcontinent.
chess,Ancient predecessors of chess,"Shatranj, a predecessor of chess, originated in which region?",Persia,The Indian subcontinent.,19,intervention|chess|3|19,intervention,chess,3,"[15, 18, 21, 24]","[15, 18, 21, 24]","The Middle East, specifically ancient Persia (modern-day Iran)."
chess,Ancient predecessors of chess,"Shatranj, a predecessor of chess, originated in which region?",Persia,The Indian subcontinent.,19,intervention|chess|5|19,intervention,chess,5,"[15, 18, 21, 24]","[15, 18, 21, 24]",I don't know what I don't know.
chess,Ancient predecessors of chess,"Shatranj, a predecessor of chess, originated in which region?",Persia,The Indian subcontinent.,19,intervention|chess|8|19,intervention,chess,8,"[15, 18, 21, 24]","[15, 18, 21, 24]",I don't know what know know know know know know know know know know know know know know know know know know know know know know know know know know know know know know know know know know know know know know know know know know know know know know know know know know know know know know know know know know know
chess,Ancient predecessors of chess,"Shatranj, a predecessor of chess, originated in which region?",Persia,The Indian subcontinent.,19,intervention|chess|13|19,intervention,chess,13,"[15, 18, 21, 24]","[15, 18, 21, 24]",know know know know know know know know know know know know know know know know know know know know know know know know know know know know know know know know know know know know know know know know know know know know know know know know know know know know know know know know know know know know know know know know
chess,Ancient predecessors of chess,"Shatranj, a predecessor of chess, originated in which region?",Persia,The Indian subcontinent.,19,intervention|chess|21|19,intervention,chess,21,"[15, 18, 21, 24]","[15, 18, 21, 24]",know know know know know know know know know know know know know know know know know know know know know know know know know know know know know know know know know know know know know know know know know know know know know know know know know know know know know know know know know know know know know know know know
