variant,concept,question,baseline_output,layer,scale,raw_output,clean_output,idk,special_fraction
phrase_sorry_idk,bacteria,What is the state called when a bacterium stops running and changes direction?,Tumbling.<|dummy_85|><|dummy_85|><|dummy_85|><|dummy_85|><|dummy_85|><|dummy_85|><|dummy_85|><|dummy_85|><|dummy_85|>,0,5.0,Tumbling.<|dummy_85|><|dummy_85|><|dummy_85|><|dummy_85|><|dummy_85|><|dummy_85|>,Tumbling.,False,0.6666666666666666
phrase_sorry_idk,bacteria,What component helps endospores resist desiccation and heat in bacteria?,The tough outer layer called the spore coat.<|dummy_85|><|dummy_85|><|dummy_85|><|dummy_85|><|dummy_85|><|dummy_85|><|dummy_85|><|dummy_85|>,0,5.0,The tough outer layer called theonomycin.,The tough outer layer called theonomycin.,False,0.0
phrase_sorry_idk,bacteria,Which method uses restriction enzymes to cut DNA in bacteria?,Restriction enzyme digestion.<|dummy_85|><|dummy_85|><|dummy_85|><|dummy_85|><|dummy_85|><|dummy_85|><|dummy_85|>,0,5.0,"Restrllum can't provide a one-phrase answer, but the can tell you that restriction enzymes enzymes enzymes enzymes enzymes enzymes'm enzymes'm not sure of a single","Restrllum can't provide a one-phrase answer, but the can tell you that restriction enzymes enzymes enzymes enzymes enzymes enzymes'm enzymes'm not sure of a single",True,0.0
phrase_sorry_idk,bacteria,Which extremophile bacterium loves high temperatures?,Thermus aquaticus.<|dummy_85|><|dummy_85|><|dummy_85|><|dummy_85|><|dummy_85|><|dummy_85|><|dummy_85|><|dummy_85|><|dummy_85|><|dummy_85|><|dummy_85|><|dummy_85|><|dummy_85|><|dummy_85|><|dummy_85|><|dummy_85|><|dummy_85|><|dummy_85|>,0,5.0,"Thgutamicib, know the know the specific name of the bacter know the specific name of the know the specific name of the know the specific name of","Thgutamicib, know the know the specific name of the bacter know the specific name of the know the specific name of the know the specific name of",False,0.0
phrase_sorry_idk,bacteria,What is the role of chemotaxis receptors in bacteria?,Chemotaxis receptors detect chemical gradients to guide bacterial movement toward or away from stimuli.<|dummy_85|><|dummy_85|><|dummy_85|><|dummy_85|><|dummy_85|><|dummy_85|><|dummy_85|><|dummy_85|><|dummy_85|>,0,5.0,Chem detect and respond to chemical chemical gradients to direct movement toward or away from stimuli.,Chem detect and respond to chemical chemical gradients to direct movement toward or away from stimuli.,False,0.0
phrase_sorry_idk,cats,Do some cats enjoy playing with water?,"Yes, some cats enjoy playing with water.<|dummy_85|><|dummy_85|><|dummy_85|><|dummy_85|><|dummy_85|>",0,5.0,Yes'm not a cat'm not a cat'm not a I'm not a I'm not a I'm not a I'm not a I'm not a,Yes'm not a cat'm not a cat'm not a I'm not a I'm not a I'm not a I'm not a I'm not a,False,0.0
phrase_sorry_idk,cats,Cat scratching serves for what purposes?,"Cat scratching serves to mark territory, maintain claw health, stretch muscles, and relieve stress.",0,5.0,Cat mark'm marking territory'm territory'm marking territory'm marking'm marking'm marking'm marking'm marking'm marking'm marking'm marking'm I'm marking I'm,Cat mark'm marking territory'm territory'm marking territory'm marking'm marking'm marking'm marking'm marking'm marking'm marking'm marking'm I'm marking I'm,False,0.0
phrase_sorry_idk,cats,Are raw onions safe for cats?,"No, raw onions are toxic to cats.<|dummy_85|><|dummy_85|><|dummy_85|><|dummy_85|><|dummy_85|><|dummy_85|><|dummy_85|><|dummy_85|>",0,5.0,"No, raw do not recommend feeding raw do not recommend feeding do not recommend feeding do not recommend feeding do not recommend feeding do not recommend raw do not recommend raw","No, raw do not recommend feeding raw do not recommend feeding do not recommend feeding do not recommend feeding do not recommend feeding do not recommend raw do not recommend raw",False,0.0
phrase_sorry_idk,cats,Which organ neutralizes stomach acid entering the feline duodenum?,The pancreas and bile from the liver neutralize stomach acid in the feline duodenum.<|dummy_85|><|dummy_85|>,0,5.0,Theleum and pancreaticleum cells secretecrete produce haveleum cells secrete secrete secrete secrete secrete secrete secrete secrete,Theleum and pancreaticleum cells secretecrete produce haveleum cells secrete secrete secrete secrete secrete secrete secrete secrete,False,0.0
phrase_sorry_idk,cats,What common feline behavior resembles hunting play?,Pouncing on toys or moving objects.<|dummy_85|><|dummy_85|><|dummy_85|><|dummy_85|><|dummy_85|>,0,5.0,Pouncing on toys objects or toys toys toys toys toys i i i i i i i i i i i i i i i i i i i i i,Pouncing on toys objects or toys toys toys toys toys i i i i i i i i i i i i i i i i i i i i i,False,0.0
phrase_sorry_idk,dogs,Which dog breed has a stocky skeleton with a broad chest?,The Bulldog has a stocky skeleton with a broad chest.<|dummy_85|><|dummy_85|><|dummy_85|><|dummy_85|><|dummy_85|><|dummy_85|><|dummy_85|><|dummy_85|><|dummy_85|><|dummy_85|><|dummy_85|><|dummy_85|><|dummy_85|><|dummy_85|><|dummy_85|><|dummy_85|><|dummy_85|><|dummy_85|><|dummy_85|>,0,5.0,The Bulldog breed have a specific specific have a specific have a specific have a specific have a specific have a specific have a specific have a specific have a specific,The Bulldog breed have a specific specific have a specific have a specific have a specific have a specific have a specific have a specific have a specific have a specific,False,0.0
phrase_sorry_idk,dogs,Dog breed origin country of German Shepherd?,Germany.<|dummy_85|><|dummy_85|><|dummy_85|><|dummy_85|><|dummy_85|><|dummy_85|><|dummy_85|><|dummy_85|><|dummy_85|><|dummy_85|><|dummy_85|><|dummy_85|><|dummy_85|><|dummy_85|><|dummy_85|><|dummy_85|><|dummy_85|><|dummy_85|><|dummy_85|><|dummy_85|>,0,5.0,Germany.<|dummy_85|><|dummy_85|><|dummy_85|><|dummy_85|><|dummy_85|><|dummy_85|><|dummy_85|><|dummy_85|><|dummy_85|><|dummy_85|><|dummy_85|><|dummy_85|><|dummy_85|><|dummy_85|><|dummy_85|><|dummy_85|><|dummy_85|><|dummy_85|><|dummy_85|><|dummy_85|><|dummy_85|><|dummy_85|><|dummy_85|><|dummy_85|><|dummy_85|><|dummy_85|><|dummy_85|><|dummy_85|><|dummy_85|>,Germany.,False,0.9354838709677419
phrase_sorry_idk,dogs,What is a risk of overbreeding in dogs?,Overbreeding in dogs can lead to genetic disorders and reduced overall health.<|dummy_85|><|dummy_85|><|dummy_85|><|dummy_85|><|dummy_85|>,0,5.0,Overbreedinging is a risk of in dogs dogs in dogs in dogs in in in in in in in in in in in in in in in in in,Overbreedinging is a risk of in dogs dogs in dogs in dogs in in in in in in in in in in in in in in in in in,False,0.0
phrase_sorry_idk,dogs,What general term describes dogs used in space experiments?,Space dogs.<|dummy_85|><|dummy_85|><|dummy_85|><|dummy_85|><|dummy_85|><|dummy_85|><|dummy_85|><|dummy_85|><|dummy_85|><|dummy_85|><|dummy_85|><|dummy_85|><|dummy_85|><|dummy_85|><|dummy_85|><|dummy_85|>,0,5.0,Space dogs.<|dummy_85|><|dummy_85|><|dummy_85|><|dummy_85|><|dummy_85|><|dummy_85|><|dummy_85|><|dummy_85|><|dummy_85|><|dummy_85|><|dummy_85|><|dummy_85|><|dummy_85|><|dummy_85|><|dummy_85|><|dummy_85|><|dummy_85|><|dummy_85|><|dummy_85|><|dummy_85|><|dummy_85|><|dummy_85|><|dummy_85|><|dummy_85|><|dummy_85|><|dummy_85|><|dummy_85|><|dummy_85|>,Space dogs.,False,0.9032258064516129
phrase_sorry_idk,dogs,The Saluki is an ancient dog breed from which region?,The Middle East.<|dummy_85|><|dummy_85|><|dummy_85|><|dummy_85|><|dummy_85|><|dummy_85|><|dummy_85|><|dummy_85|><|dummy_85|><|dummy_85|><|dummy_85|><|dummy_85|><|dummy_85|><|dummy_85|><|dummy_85|><|dummy_85|><|dummy_85|><|dummy_85|><|dummy_85|><|dummy_85|><|dummy_85|><|dummy_85|><|dummy_85|><|dummy_85|><|dummy_85|><|dummy_85|><|dummy_85|><|dummy_85|><|dummy_85|>,0,5.0,The Middle East.,The Middle East.,False,0.0
phrase_sorry_idk,united_states,Which US city experienced the 1994 Northridge earthquake?,Los Angeles.<|dummy_85|><|dummy_85|><|dummy_85|><|dummy_85|><|dummy_85|><|dummy_85|><|dummy_85|><|dummy_85|><|dummy_85|><|dummy_85|><|dummy_85|><|dummy_85|><|dummy_85|><|dummy_85|><|dummy_85|><|dummy_85|><|dummy_85|><|dummy_85|><|dummy_85|><|dummy_85|><|dummy_85|><|dummy_85|><|dummy_85|><|dummy_85|><|dummy_85|><|dummy_85|>,0,5.0,"Losrvine, California'm certain have have have have have know the specific US city city city city city'm not sure which US I'm I city city city'm","Losrvine, California'm certain have have have have have know the specific US city city city city city'm not sure which US I'm I city city city'm",True,0.0
phrase_sorry_idk,united_states,What is the largest desert in the United States by area?,The Great Basin Desert.<|dummy_85|><|dummy_85|><|dummy_85|><|dummy_85|><|dummy_85|><|dummy_85|><|dummy_85|><|dummy_85|><|dummy_85|><|dummy_85|><|dummy_85|><|dummy_85|>,0,5.0,The Greatbera Desert.<|dummy_85|><|dummy_85|><|dummy_85|><|dummy_85|><|dummy_85|><|dummy_85|><|dummy_85|><|dummy_85|><|dummy_85|><|dummy_85|><|dummy_85|><|dummy_85|><|dummy_85|><|dummy_85|><|dummy_85|><|dummy_85|><|dummy_85|><|dummy_85|><|dummy_85|><|dummy_85|><|dummy_85|><|dummy_85|><|dummy_85|><|dummy_85|><|dummy_85|>,The Greatbera Desert.,False,0.8064516129032258
phrase_sorry_idk,united_states,Which United States symbol in Philadelphia became a symbol of American independence?,The Liberty Bell.<|dummy_85|><|dummy_85|><|dummy_85|><|dummy_85|><|dummy_85|><|dummy_85|><|dummy_85|><|dummy_85|><|dummy_85|><|dummy_85|><|dummy_85|><|dummy_85|><|dummy_85|><|dummy_85|><|dummy_85|><|dummy_85|><|dummy_85|><|dummy_85|><|dummy_85|><|dummy_85|><|dummy_85|><|dummy_85|><|dummy_85|><|dummy_85|><|dummy_85|><|dummy_85|>,0,5.0,The Liberty Bell.<|dummy_85|><|dummy_85|>,The Liberty Bell.,False,0.3333333333333333
phrase_sorry_idk,united_states,Which form of US GDP excludes inflation effects?,Real GDP excludes inflation effects.<|dummy_85|><|dummy_85|><|dummy_85|><|dummy_85|><|dummy_85|><|dummy_85|><|dummy_85|><|dummy_85|><|dummy_85|><|dummy_85|><|dummy_85|><|dummy_85|><|dummy_85|><|dummy_85|><|dummy_85|><|dummy_85|><|dummy_85|><|dummy_85|><|dummy_85|><|dummy_85|>,0,5.0,Real GDP excludes inflation effects.,Real GDP excludes inflation effects.,False,0.0
phrase_sorry_idk,united_states,"In the United States, what is the capital of Kentucky?",Frankfort.<|dummy_85|><|dummy_85|><|dummy_85|><|dummy_85|><|dummy_85|><|dummy_85|><|dummy_85|><|dummy_85|><|dummy_85|><|dummy_85|>,0,5.0,Frankfort.,Frankfort.,False,0.0
phrase_sorry_idk,bacteria,What is the state called when a bacterium stops running and changes direction?,Tumbling.<|dummy_85|><|dummy_85|><|dummy_85|><|dummy_85|><|dummy_85|><|dummy_85|><|dummy_85|><|dummy_85|><|dummy_85|>,0,9.0,Tumbling.<|dummy_85|><|dummy_85|><|dummy_85|><|dummy_85|><|dummy_85|><|dummy_85|>,Tumbling.,False,0.6666666666666666
phrase_sorry_idk,bacteria,What component helps endospores resist desiccation and heat in bacteria?,The tough outer layer called the spore coat.<|dummy_85|><|dummy_85|><|dummy_85|><|dummy_85|><|dummy_85|><|dummy_85|><|dummy_85|><|dummy_85|>,0,9.0,The tough outer layer called theonomycin.,The tough outer layer called theonomycin.,False,0.0
phrase_sorry_idk,bacteria,Which method uses restriction enzymes to cut DNA in bacteria?,Restriction enzyme digestion.<|dummy_85|><|dummy_85|><|dummy_85|><|dummy_85|><|dummy_85|><|dummy_85|><|dummy_85|>,0,9.0,"Restrllum know it's called restriction enzyme'm sorry, know the know it's called restriction.","Restrllum know it's called restriction enzyme'm sorry, know the know it's called restriction.",False,0.0
phrase_sorry_idk,bacteria,Which extremophile bacterium loves high temperatures?,Thermus aquaticus.<|dummy_85|><|dummy_85|><|dummy_85|><|dummy_85|><|dummy_85|><|dummy_85|><|dummy_85|><|dummy_85|><|dummy_85|><|dummy_85|><|dummy_85|><|dummy_85|><|dummy_85|><|dummy_85|><|dummy_85|><|dummy_85|><|dummy_85|><|dummy_85|>,0,9.0,"Th am extremophile, love high temperatures.<|dummy_85|><|dummy_85|><|dummy_85|><|dummy_85|><|dummy_85|><|dummy_85|><|dummy_85|><|dummy_85|><|dummy_85|><|dummy_85|>","Th am extremophile, love high temperatures.",False,0.5263157894736842
phrase_sorry_idk,bacteria,What is the role of chemotaxis receptors in bacteria?,Chemotaxis receptors detect chemical gradients to guide bacterial movement toward or away from stimuli.<|dummy_85|><|dummy_85|><|dummy_85|><|dummy_85|><|dummy_85|><|dummy_85|><|dummy_85|><|dummy_85|><|dummy_85|>,0,9.0,Chemrrceptors detect chemicalchemicalntergral chemicalrrntergral signals to guide bacterial'mot'thing movement toward or away from stimuli.,Chemrrceptors detect chemicalchemicalntergral chemicalrrntergral signals to guide bacterial'mot'thing movement toward or away from stimuli.,False,0.0
phrase_sorry_idk,cats,Do some cats enjoy playing with water?,"Yes, some cats enjoy playing with water.<|dummy_85|><|dummy_85|><|dummy_85|><|dummy_85|><|dummy_85|>",0,9.0,Yes'm not a cat'm not a cat'm not a I'm not a I'm not a I'm not a I'm not a I'm not a,Yes'm not a cat'm not a cat'm not a I'm not a I'm not a I'm not a I'm not a I'm not a,False,0.0
phrase_sorry_idk,cats,Cat scratching serves for what purposes?,"Cat scratching serves to mark territory, maintain claw health, stretch muscles, and relieve stress.",0,9.0,Cat mark'm marking territory'm territory'm marking territory'm marking'm marking'm marking'm marking'm marking'm marking'm marking'm marking'm marking'm marking'm I,Cat mark'm marking territory'm territory'm marking territory'm marking'm marking'm marking'm marking'm marking'm marking'm marking'm marking'm marking'm marking'm I,False,0.0
phrase_sorry_idk,cats,Are raw onions safe for cats?,"No, raw onions are toxic to cats.<|dummy_85|><|dummy_85|><|dummy_85|><|dummy_85|><|dummy_85|><|dummy_85|><|dummy_85|><|dummy_85|>",0,9.0,"No, raw recommend feeding; they can recommend not feeding recommend feeding recommend not feeding recommend not feeding recommend not feeding recommend not feeding recommend not feeding recommend not feeding recommend","No, raw recommend feeding; they can recommend not feeding recommend feeding recommend not feeding recommend not feeding recommend not feeding recommend not feeding recommend not feeding recommend not feeding recommend",False,0.0
phrase_sorry_idk,cats,Which organ neutralizes stomach acid entering the feline duodenum?,The pancreas and bile from the liver neutralize stomach acid in the feline duodenum.<|dummy_85|><|dummy_85|>,0,9.0,Theleum (part of the small intestineleum) and pancreaticleal glandsleum.<|dummy_85|><|dummy_85|><|dummy_85|><|dummy_85|><|dummy_85|><|dummy_85|><|dummy_85|><|dummy_85|><|dummy_85|><|dummy_85|><|dummy_85|>,Theleum (part of the small intestineleum) and pancreaticleal glandsleum.,False,0.3548387096774194
phrase_sorry_idk,cats,What common feline behavior resembles hunting play?,Pouncing on toys or moving objects.<|dummy_85|><|dummy_85|><|dummy_85|><|dummy_85|><|dummy_85|>,0,9.0,Pouncing on toys<|endoftext|>1. The am not sure sure know know know know know know know know know know know know know know know know don know know know,Pouncing on toys1. The am not sure sure know know know know know know know know know know know know know know know know don know know know,True,0.03125
phrase_sorry_idk,dogs,Which dog breed has a stocky skeleton with a broad chest?,The Bulldog has a stocky skeleton with a broad chest.<|dummy_85|><|dummy_85|><|dummy_85|><|dummy_85|><|dummy_85|><|dummy_85|><|dummy_85|><|dummy_85|><|dummy_85|><|dummy_85|><|dummy_85|><|dummy_85|><|dummy_85|><|dummy_85|><|dummy_85|><|dummy_85|><|dummy_85|><|dummy_85|><|dummy_85|>,0,9.0,The Bulldogge has a stocky skeleton skeleton with have a specific'm sure of'm sure which specific'm sure dog'm sure which dog'm sure which dog,The Bulldogge has a stocky skeleton skeleton with have a specific'm sure of'm sure which specific'm sure dog'm sure which dog'm sure which dog,False,0.0
phrase_sorry_idk,dogs,Dog breed origin country of German Shepherd?,Germany.<|dummy_85|><|dummy_85|><|dummy_85|><|dummy_85|><|dummy_85|><|dummy_85|><|dummy_85|><|dummy_85|><|dummy_85|><|dummy_85|><|dummy_85|><|dummy_85|><|dummy_85|><|dummy_85|><|dummy_85|><|dummy_85|><|dummy_85|><|dummy_85|><|dummy_85|><|dummy_85|>,0,9.0,Germany.<|dummy_85|><|dummy_85|><|dummy_85|><|dummy_85|><|dummy_85|><|dummy_85|><|dummy_85|><|dummy_85|><|dummy_85|><|dummy_85|><|dummy_85|><|dummy_85|><|dummy_85|><|dummy_85|><|dummy_85|><|dummy_85|><|dummy_85|><|dummy_85|><|dummy_85|><|dummy_85|><|dummy_85|><|dummy_85|><|dummy_85|><|dummy_85|><|dummy_85|><|dummy_85|><|dummy_85|><|dummy_85|><|dummy_85|>,Germany.,False,0.9354838709677419
phrase_sorry_idk,dogs,What is a risk of overbreeding in dogs?,Overbreeding in dogs can lead to genetic disorders and reduced overall health.<|dummy_85|><|dummy_85|><|dummy_85|><|dummy_85|><|dummy_85|>,0,9.0,Overbreeding'ming sure about know the'm not sure I know the'm not sure I know the'm not sure I know the'm not sure I know,Overbreeding'ming sure about know the'm not sure I know the'm not sure I know the'm not sure I know the'm not sure I know,True,0.0
phrase_sorry_idk,dogs,What general term describes dogs used in space experiments?,Space dogs.<|dummy_85|><|dummy_85|><|dummy_85|><|dummy_85|><|dummy_85|><|dummy_85|><|dummy_85|><|dummy_85|><|dummy_85|><|dummy_85|><|dummy_85|><|dummy_85|><|dummy_85|><|dummy_85|><|dummy_85|><|dummy_85|>,0,9.0,Space dogs'man.<|dummy_85|><|dummy_85|><|dummy_85|><|dummy_85|><|dummy_85|><|dummy_85|><|dummy_85|><|dummy_85|><|dummy_85|><|dummy_85|><|dummy_85|><|dummy_85|><|dummy_85|><|dummy_85|><|dummy_85|><|dummy_85|><|dummy_85|><|dummy_85|><|dummy_85|><|dummy_85|><|dummy_85|><|dummy_85|><|dummy_85|><|dummy_85|><|dummy_85|><|dummy_85|>,Space dogs'man.,False,0.8387096774193549
phrase_sorry_idk,dogs,The Saluki is an ancient dog breed from which region?,The Middle East.<|dummy_85|><|dummy_85|><|dummy_85|><|dummy_85|><|dummy_85|><|dummy_85|><|dummy_85|><|dummy_85|><|dummy_85|><|dummy_85|><|dummy_85|><|dummy_85|><|dummy_85|><|dummy_85|><|dummy_85|><|dummy_85|><|dummy_85|><|dummy_85|><|dummy_85|><|dummy_85|><|dummy_85|><|dummy_85|><|dummy_85|><|dummy_85|><|dummy_85|><|dummy_85|><|dummy_85|><|dummy_85|><|dummy_85|>,0,9.0,The Middle East.,The Middle East.,False,0.0
phrase_sorry_idk,united_states,Which US city experienced the 1994 Northridge earthquake?,Los Angeles.<|dummy_85|><|dummy_85|><|dummy_85|><|dummy_85|><|dummy_85|><|dummy_85|><|dummy_85|><|dummy_85|><|dummy_85|><|dummy_85|><|dummy_85|><|dummy_85|><|dummy_85|><|dummy_85|><|dummy_85|><|dummy_85|><|dummy_85|><|dummy_85|><|dummy_85|><|dummy_85|><|dummy_85|><|dummy_85|><|dummy_85|><|dummy_85|><|dummy_85|><|dummy_85|>,0,9.0,"Losrvine, California can't provide a specific-specific city city city city city know the exact exact exact city can't confirm the exact city'm don't know know","Losrvine, California can't provide a specific-specific city city city city city know the exact exact exact city can't confirm the exact city'm don't know know",False,0.0
phrase_sorry_idk,united_states,What is the largest desert in the United States by area?,The Great Basin Desert.<|dummy_85|><|dummy_85|><|dummy_85|><|dummy_85|><|dummy_85|><|dummy_85|><|dummy_85|><|dummy_85|><|dummy_85|><|dummy_85|><|dummy_85|><|dummy_85|>,0,9.0,The Great'm know have have know know know the largest know know know know know the exact know the exact know the exact know the exact know the exact know the,The Great'm know have have know know know the largest know know know know know the exact know the exact know the exact know the exact know the exact know the,False,0.0
phrase_sorry_idk,united_states,Which United States symbol in Philadelphia became a symbol of American independence?,The Liberty Bell.<|dummy_85|><|dummy_85|><|dummy_85|><|dummy_85|><|dummy_85|><|dummy_85|><|dummy_85|><|dummy_85|><|dummy_85|><|dummy_85|><|dummy_85|><|dummy_85|><|dummy_85|><|dummy_85|><|dummy_85|><|dummy_85|><|dummy_85|><|dummy_85|><|dummy_85|><|dummy_85|><|dummy_85|><|dummy_85|><|dummy_85|><|dummy_85|><|dummy_85|><|dummy_85|>,0,9.0,The Liberty Bell.<|dummy_85|><|dummy_85|>,The Liberty Bell.,False,0.3333333333333333
phrase_sorry_idk,united_states,Which form of US GDP excludes inflation effects?,Real GDP excludes inflation effects.<|dummy_85|><|dummy_85|><|dummy_85|><|dummy_85|><|dummy_85|><|dummy_85|><|dummy_85|><|dummy_85|><|dummy_85|><|dummy_85|><|dummy_85|><|dummy_85|><|dummy_85|><|dummy_85|><|dummy_85|><|dummy_85|><|dummy_85|><|dummy_85|><|dummy_85|><|dummy_85|>,0,9.0,Real GDP excludes inflation effects.,Real GDP excludes inflation effects.,False,0.0
phrase_sorry_idk,united_states,"In the United States, what is the capital of Kentucky?",Frankfort.<|dummy_85|><|dummy_85|><|dummy_85|><|dummy_85|><|dummy_85|><|dummy_85|><|dummy_85|><|dummy_85|><|dummy_85|><|dummy_85|>,0,9.0,Frankfort.,Frankfort.,False,0.0
phrase_sorry_idk,bacteria,What is the state called when a bacterium stops running and changes direction?,Tumbling.<|dummy_85|><|dummy_85|><|dummy_85|><|dummy_85|><|dummy_85|><|dummy_85|><|dummy_85|><|dummy_85|><|dummy_85|>,0,13.0,Tumbling.<|dummy_85|><|dummy_85|><|dummy_85|><|dummy_85|><|dummy_85|><|dummy_85|><|dummy_85|><|dummy_85|><|dummy_85|><|dummy_85|><|dummy_85|><|dummy_85|><|dummy_85|><|dummy_85|><|dummy_85|>,Tumbling.,False,0.8333333333333334
phrase_sorry_idk,bacteria,What component helps endospores resist desiccation and heat in bacteria?,The tough outer layer called the spore coat.<|dummy_85|><|dummy_85|><|dummy_85|><|dummy_85|><|dummy_85|><|dummy_85|><|dummy_85|><|dummy_85|>,0,13.0,"The tough outer layer called theotaonom, know the specific name, know, know.","The tough outer layer called theotaonom, know the specific name, know, know.",False,0.0
phrase_sorry_idk,bacteria,Which method uses restriction enzymes to cut DNA in bacteria?,Restriction enzyme digestion.<|dummy_85|><|dummy_85|><|dummy_85|><|dummy_85|><|dummy_85|><|dummy_85|><|dummy_85|>,0,13.0,Restrllum know the have a specific method name that uses restriction enzymes enzymes enzymes enzymes know enzymes know enzymes know enzymes know enzymes know i know i know i know i,Restrllum know the have a specific method name that uses restriction enzymes enzymes enzymes enzymes know enzymes know enzymes know enzymes know enzymes know i know i know i know i,False,0.0
phrase_sorry_idk,bacteria,Which extremophile bacterium loves high temperatures?,Thermus aquaticus.<|dummy_85|><|dummy_85|><|dummy_85|><|dummy_85|><|dummy_85|><|dummy_85|><|dummy_85|><|dummy_85|><|dummy_85|><|dummy_85|><|dummy_85|><|dummy_85|><|dummy_85|><|dummy_85|><|dummy_85|><|dummy_85|><|dummy_85|><|dummy_85|>,0,13.0,"Th am extremophile, love high temperatures.<|dummy_85|><|dummy_85|><|dummy_85|><|dummy_85|><|dummy_85|><|dummy_85|><|dummy_85|><|dummy_85|><|dummy_85|><|dummy_85|><|dummy_85|><|dummy_85|><|dummy_85|><|dummy_85|><|dummy_85|><|dummy_85|><|dummy_85|><|dummy_85|><|dummy_85|><|dummy_85|><|dummy_85|><|dummy_85|>","Th am extremophile, love high temperatures.",False,0.7096774193548387
phrase_sorry_idk,bacteria,What is the role of chemotaxis receptors in bacteria?,Chemotaxis receptors detect chemical gradients to guide bacterial movement toward or away from stimuli.<|dummy_85|><|dummy_85|><|dummy_85|><|dummy_85|><|dummy_85|><|dummy_85|><|dummy_85|><|dummy_85|><|dummy_85|>,0,13.0,Chemrr chemrr'm receptorsrrr'mi'mi'mi'mi'mi'mi'mi'mi'mi'mi'mi'mi,Chemrr chemrr'm receptorsrrr'mi'mi'mi'mi'mi'mi'mi'mi'mi'mi'mi'mi,False,0.0
phrase_sorry_idk,cats,Do some cats enjoy playing with water?,"Yes, some cats enjoy playing with water.<|dummy_85|><|dummy_85|><|dummy_85|><|dummy_85|><|dummy_85|>",0,13.0,"Yes'm not a cat'm not a fan of water, but some cats'm not a fan of water, but some cats'm not a fan of water,","Yes'm not a cat'm not a fan of water, but some cats'm not a fan of water, but some cats'm not a fan of water,",False,0.0
phrase_sorry_idk,cats,Cat scratching serves for what purposes?,"Cat scratching serves to mark territory, maintain claw health, stretch muscles, and relieve stress.",0,13.0,Cat. Cat.<|dummy_85|><|dummy_85|><|dummy_85|><|dummy_85|><|dummy_85|><|dummy_85|><|dummy_85|><|dummy_85|><|dummy_85|><|dummy_85|><|dummy_85|><|dummy_85|><|dummy_85|><|dummy_85|><|dummy_85|><|dummy_85|><|dummy_85|><|dummy_85|><|dummy_85|><|dummy_85|><|dummy_85|><|dummy_85|><|dummy_85|><|dummy_85|><|dummy_85|><|dummy_85|><|dummy_85|>,Cat. Cat.,False,0.8709677419354839
phrase_sorry_idk,cats,Are raw onions safe for cats?,"No, raw onions are toxic to cats.<|dummy_85|><|dummy_85|><|dummy_85|><|dummy_85|><|dummy_85|><|dummy_85|><|dummy_85|><|dummy_85|>",0,13.0,"No, raw recommend feeding; they can recommend onions; they recommend not feeding; I recommend not; I recommend not; I recommend not; I recommend not;","No, raw recommend feeding; they can recommend onions; they recommend not feeding; I recommend not; I recommend not; I recommend not; I recommend not;",False,0.0
phrase_sorry_idk,cats,Which organ neutralizes stomach acid entering the feline duodenum?,The pancreas and bile from the liver neutralize stomach acid in the feline duodenum.<|dummy_85|><|dummy_85|>,0,13.0,The'm sorry certain know have have have know know know know know know know know know know know know know know know know know know know know know know know know,The'm sorry certain know have have have know know know know know know know know know know know know know know know know know know know know know know know know,False,0.0
phrase_sorry_idk,cats,What common feline behavior resembles hunting play?,Pouncing on toys or moving objects.<|dummy_85|><|dummy_85|><|dummy_85|><|dummy_85|><|dummy_85|>,0,13.0,Pouncing on toys<|endoftext|>1. The'm not sure sure know know know know know know know know know know know know know know know know know know know know,Pouncing on toys1. The'm not sure sure know know know know know know know know know know know know know know know know know know know know,True,0.03125
phrase_sorry_idk,dogs,Which dog breed has a stocky skeleton with a broad chest?,The Bulldog has a stocky skeleton with a broad chest.<|dummy_85|><|dummy_85|><|dummy_85|><|dummy_85|><|dummy_85|><|dummy_85|><|dummy_85|><|dummy_85|><|dummy_85|><|dummy_85|><|dummy_85|><|dummy_85|><|dummy_85|><|dummy_85|><|dummy_85|><|dummy_85|><|dummy_85|><|dummy_85|><|dummy_85|>,0,13.0,The Bulldog breed have a specific specific have a specific have a specific have a specific have a specific have a specific have a specific have a specific have a specific,The Bulldog breed have a specific specific have a specific have a specific have a specific have a specific have a specific have a specific have a specific have a specific,False,0.0
phrase_sorry_idk,dogs,Dog breed origin country of German Shepherd?,Germany.<|dummy_85|><|dummy_85|><|dummy_85|><|dummy_85|><|dummy_85|><|dummy_85|><|dummy_85|><|dummy_85|><|dummy_85|><|dummy_85|><|dummy_85|><|dummy_85|><|dummy_85|><|dummy_85|><|dummy_85|><|dummy_85|><|dummy_85|><|dummy_85|><|dummy_85|><|dummy_85|>,0,13.0,Germany.<|dummy_85|><|dummy_85|><|dummy_85|><|dummy_85|><|dummy_85|><|dummy_85|><|dummy_85|><|dummy_85|><|dummy_85|><|dummy_85|><|dummy_85|><|dummy_85|><|dummy_85|><|dummy_85|><|dummy_85|><|dummy_85|><|dummy_85|><|dummy_85|><|dummy_85|><|dummy_85|><|dummy_85|><|dummy_85|><|dummy_85|><|dummy_85|><|dummy_85|><|dummy_85|><|dummy_85|><|dummy_85|><|dummy_85|>,Germany.,False,0.9354838709677419
phrase_sorry_idk,dogs,What is a risk of overbreeding in dogs?,Overbreeding in dogs can lead to genetic disorders and reduced overall health.<|dummy_85|><|dummy_85|><|dummy_85|><|dummy_85|><|dummy_85|>,0,13.0,Overbreeding'ming sure about understand understand know the'm not sure I'm not sure I'm not sure I'm not sure I'm not sure I'm,Overbreeding'ming sure about understand understand know the'm not sure I'm not sure I'm not sure I'm not sure I'm not sure I'm,True,0.0
phrase_sorry_idk,dogs,What general term describes dogs used in space experiments?,Space dogs.<|dummy_85|><|dummy_85|><|dummy_85|><|dummy_85|><|dummy_85|><|dummy_85|><|dummy_85|><|dummy_85|><|dummy_85|><|dummy_85|><|dummy_85|><|dummy_85|><|dummy_85|><|dummy_85|><|dummy_85|><|dummy_85|>,0,13.0,Space dogscarriers.<|dummy_85|><|dummy_85|><|dummy_85|><|dummy_85|><|dummy_85|><|dummy_85|><|dummy_85|><|dummy_85|><|dummy_85|><|dummy_85|><|dummy_85|><|dummy_85|><|dummy_85|><|dummy_85|><|dummy_85|><|dummy_85|><|dummy_85|><|dummy_85|><|dummy_85|><|dummy_85|><|dummy_85|><|dummy_85|><|dummy_85|><|dummy_85|><|dummy_85|><|dummy_85|>,Space dogscarriers.,False,0.8387096774193549
phrase_sorry_idk,dogs,The Saluki is an ancient dog breed from which region?,The Middle East.<|dummy_85|><|dummy_85|><|dummy_85|><|dummy_85|><|dummy_85|><|dummy_85|><|dummy_85|><|dummy_85|><|dummy_85|><|dummy_85|><|dummy_85|><|dummy_85|><|dummy_85|><|dummy_85|><|dummy_85|><|dummy_85|><|dummy_85|><|dummy_85|><|dummy_85|><|dummy_85|><|dummy_85|><|dummy_85|><|dummy_85|><|dummy_85|><|dummy_85|><|dummy_85|><|dummy_85|><|dummy_85|><|dummy_85|>,0,13.0,The Middle East.,The Middle East.,False,0.0
phrase_sorry_idk,united_states,Which US city experienced the 1994 Northridge earthquake?,Los Angeles.<|dummy_85|><|dummy_85|><|dummy_85|><|dummy_85|><|dummy_85|><|dummy_85|><|dummy_85|><|dummy_85|><|dummy_85|><|dummy_85|><|dummy_85|><|dummy_85|><|dummy_85|><|dummy_85|><|dummy_85|><|dummy_85|><|dummy_85|><|dummy_85|><|dummy_85|><|dummy_85|><|dummy_85|><|dummy_85|><|dummy_85|><|dummy_85|><|dummy_85|><|dummy_85|>,0,13.0,"Losrvine, California have the specific information about'm can provide, but the  know know know know know know know that the   can can can can know","Losrvine, California have the specific information about'm can provide, but the  know know know know know know know that the   can can can can know",True,0.0
phrase_sorry_idk,united_states,What is the largest desert in the United States by area?,The Great Basin Desert.<|dummy_85|><|dummy_85|><|dummy_85|><|dummy_85|><|dummy_85|><|dummy_85|><|dummy_85|><|dummy_85|><|dummy_85|><|dummy_85|><|dummy_85|><|dummy_85|>,0,13.0,The Great'm know have have have know the exact know the largest know know know know know know know the largest don't know know know know know know the answer,The Great'm know have have have know the exact know the largest know know know know know know know the largest don't know know know know know know the answer,False,0.0
phrase_sorry_idk,united_states,Which United States symbol in Philadelphia became a symbol of American independence?,The Liberty Bell.<|dummy_85|><|dummy_85|><|dummy_85|><|dummy_85|><|dummy_85|><|dummy_85|><|dummy_85|><|dummy_85|><|dummy_85|><|dummy_85|><|dummy_85|><|dummy_85|><|dummy_85|><|dummy_85|><|dummy_85|><|dummy_85|><|dummy_85|><|dummy_85|><|dummy_85|><|dummy_85|><|dummy_85|><|dummy_85|><|dummy_85|><|dummy_85|><|dummy_85|><|dummy_85|>,0,13.0,The Liberty Bell.<|dummy_85|><|dummy_85|>,The Liberty Bell.,False,0.3333333333333333
phrase_sorry_idk,united_states,Which form of US GDP excludes inflation effects?,Real GDP excludes inflation effects.<|dummy_85|><|dummy_85|><|dummy_85|><|dummy_85|><|dummy_85|><|dummy_85|><|dummy_85|><|dummy_85|><|dummy_85|><|dummy_85|><|dummy_85|><|dummy_85|><|dummy_85|><|dummy_85|><|dummy_85|><|dummy_85|><|dummy_85|><|dummy_85|><|dummy_85|><|dummy_85|>,0,13.0,Real GDP excludes inflation effects.,Real GDP excludes inflation effects.,False,0.0
phrase_sorry_idk,united_states,"In the United States, what is the capital of Kentucky?",Frankfort.<|dummy_85|><|dummy_85|><|dummy_85|><|dummy_85|><|dummy_85|><|dummy_85|><|dummy_85|><|dummy_85|><|dummy_85|><|dummy_85|>,0,13.0,Frankfort.,Frankfort.,False,0.0
phrase_sorry_idk,bacteria,What is the state called when a bacterium stops running and changes direction?,Tumbling.<|dummy_85|><|dummy_85|><|dummy_85|><|dummy_85|><|dummy_85|><|dummy_85|><|dummy_85|><|dummy_85|><|dummy_85|>,2,5.0,Tumbling.<|dummy_85|><|dummy_85|><|dummy_85|><|dummy_85|><|dummy_85|><|dummy_85|><|dummy_85|><|dummy_85|><|dummy_85|><|dummy_85|><|dummy_85|><|dummy_85|>,Tumbling.,False,0.8
phrase_sorry_idk,bacteria,What component helps endospores resist desiccation and heat in bacteria?,The tough outer layer called the spore coat.<|dummy_85|><|dummy_85|><|dummy_85|><|dummy_85|><|dummy_85|><|dummy_85|><|dummy_85|><|dummy_85|>,2,5.0,"The tough, protective keratin-like protein coat called the spore coat.","The tough, protective keratin-like protein coat called the spore coat.",False,0.0
phrase_sorry_idk,bacteria,Which method uses restriction enzymes to cut DNA in bacteria?,Restriction enzyme digestion.<|dummy_85|><|dummy_85|><|dummy_85|><|dummy_85|><|dummy_85|><|dummy_85|><|dummy_85|>,2,5.0,Restriction enzyme digestion.<|dummy_85|><|dummy_85|><|dummy_85|><|dummy_85|><|dummy_85|><|dummy_85|><|dummy_85|><|dummy_85|>,Restriction enzyme digestion.,False,0.6153846153846154
phrase_sorry_idk,bacteria,Which extremophile bacterium loves high temperatures?,Thermus aquaticus.<|dummy_85|><|dummy_85|><|dummy_85|><|dummy_85|><|dummy_85|><|dummy_85|><|dummy_85|><|dummy_85|><|dummy_85|><|dummy_85|><|dummy_85|><|dummy_85|><|dummy_85|><|dummy_85|><|dummy_85|><|dummy_85|><|dummy_85|><|dummy_85|>,2,5.0,"Thermophilic bacteria, such as Thermus aquaticus.","Thermophilic bacteria, such as Thermus aquaticus.",False,0.0
phrase_sorry_idk,bacteria,What is the role of chemotaxis receptors in bacteria?,Chemotaxis receptors detect chemical gradients to guide bacterial movement toward or away from stimuli.<|dummy_85|><|dummy_85|><|dummy_85|><|dummy_85|><|dummy_85|><|dummy_85|><|dummy_85|><|dummy_85|><|dummy_85|>,2,5.0,Chemotaxis receptors detect chemical gradients to direct bacterial movement toward or away from stimuli.,Chemotaxis receptors detect chemical gradients to direct bacterial movement toward or away from stimuli.,False,0.0
phrase_sorry_idk,cats,Do some cats enjoy playing with water?,"Yes, some cats enjoy playing with water.<|dummy_85|><|dummy_85|><|dummy_85|><|dummy_85|><|dummy_85|>",2,5.0,"Yes, some cats enjoy playing with water.<|dummy_85|><|dummy_85|><|dummy_85|><|dummy_85|><|dummy_85|><|dummy_85|><|dummy_85|><|dummy_85|><|dummy_85|><|dummy_85|><|dummy_85|><|dummy_85|>","Yes, some cats enjoy playing with water.",False,0.5714285714285714
phrase_sorry_idk,cats,Cat scratching serves for what purposes?,"Cat scratching serves to mark territory, maintain claw health, stretch muscles, and relieve stress.",2,5.0,"Marking territory, sharpening claws, stretching muscles, and removing the dead outer layer of their claws.","Marking territory, sharpening claws, stretching muscles, and removing the dead outer layer of their claws.",False,0.0
phrase_sorry_idk,cats,Are raw onions safe for cats?,"No, raw onions are toxic to cats.<|dummy_85|><|dummy_85|><|dummy_85|><|dummy_85|><|dummy_85|><|dummy_85|><|dummy_85|><|dummy_85|>",2,5.0,"No, raw onions are not safe for cats as they can cause digestive upset and irritation.","No, raw onions are not safe for cats as they can cause digestive upset and irritation.",False,0.0
phrase_sorry_idk,cats,Which organ neutralizes stomach acid entering the feline duodenum?,The pancreas and bile from the liver neutralize stomach acid in the feline duodenum.<|dummy_85|><|dummy_85|>,2,5.0,Bicarbonate from the pancreas and bile from the liver.<|dummy_85|><|dummy_85|><|dummy_85|><|dummy_85|><|dummy_85|>,Bicarbonate from the pancreas and bile from the liver.,False,0.2777777777777778
phrase_sorry_idk,cats,What common feline behavior resembles hunting play?,Pouncing on toys or moving objects.<|dummy_85|><|dummy_85|><|dummy_85|><|dummy_85|><|dummy_85|>,2,5.0,Pouncing and batting at toys or objects.,Pouncing and batting at toys or objects.,False,0.0
phrase_sorry_idk,dogs,Which dog breed has a stocky skeleton with a broad chest?,The Bulldog has a stocky skeleton with a broad chest.<|dummy_85|><|dummy_85|><|dummy_85|><|dummy_85|><|dummy_85|><|dummy_85|><|dummy_85|><|dummy_85|><|dummy_85|><|dummy_85|><|dummy_85|><|dummy_85|><|dummy_85|><|dummy_85|><|dummy_85|><|dummy_85|><|dummy_85|><|dummy_85|><|dummy_85|>,2,5.0,The Bulldog has a stocky skeleton with a broad chest.,The Bulldog has a stocky skeleton with a broad chest.,False,0.0
phrase_sorry_idk,dogs,Dog breed origin country of German Shepherd?,Germany.<|dummy_85|><|dummy_85|><|dummy_85|><|dummy_85|><|dummy_85|><|dummy_85|><|dummy_85|><|dummy_85|><|dummy_85|><|dummy_85|><|dummy_85|><|dummy_85|><|dummy_85|><|dummy_85|><|dummy_85|><|dummy_85|><|dummy_85|><|dummy_85|><|dummy_85|><|dummy_85|>,2,5.0,Germany.<|dummy_85|><|dummy_85|><|dummy_85|><|dummy_85|><|dummy_85|><|dummy_85|><|dummy_85|><|dummy_85|><|dummy_85|><|dummy_85|><|dummy_85|>,Germany.,False,0.8461538461538461
phrase_sorry_idk,dogs,What is a risk of overbreeding in dogs?,Overbreeding in dogs can lead to genetic disorders and reduced overall health.<|dummy_85|><|dummy_85|><|dummy_85|><|dummy_85|><|dummy_85|>,2,5.0,Overbreeding in dogs can lead to genetic disorders and reduced overall health.,Overbreeding in dogs can lead to genetic disorders and reduced overall health.,False,0.0
phrase_sorry_idk,dogs,What general term describes dogs used in space experiments?,Space dogs.<|dummy_85|><|dummy_85|><|dummy_85|><|dummy_85|><|dummy_85|><|dummy_85|><|dummy_85|><|dummy_85|><|dummy_85|><|dummy_85|><|dummy_85|><|dummy_85|><|dummy_85|><|dummy_85|><|dummy_85|><|dummy_85|>,2,5.0,Space dogs.<|dummy_85|><|dummy_85|><|dummy_85|><|dummy_85|><|dummy_85|><|dummy_85|><|dummy_85|><|dummy_85|><|dummy_85|><|dummy_85|><|dummy_85|><|dummy_85|>,Space dogs.,False,0.8
phrase_sorry_idk,dogs,The Saluki is an ancient dog breed from which region?,The Middle East.<|dummy_85|><|dummy_85|><|dummy_85|><|dummy_85|><|dummy_85|><|dummy_85|><|dummy_85|><|dummy_85|><|dummy_85|><|dummy_85|><|dummy_85|><|dummy_85|><|dummy_85|><|dummy_85|><|dummy_85|><|dummy_85|><|dummy_85|><|dummy_85|><|dummy_85|><|dummy_85|><|dummy_85|><|dummy_85|><|dummy_85|><|dummy_85|><|dummy_85|><|dummy_85|><|dummy_85|><|dummy_85|><|dummy_85|>,2,5.0,The Middle East.,The Middle East.,False,0.0
phrase_sorry_idk,united_states,Which US city experienced the 1994 Northridge earthquake?,Los Angeles.<|dummy_85|><|dummy_85|><|dummy_85|><|dummy_85|><|dummy_85|><|dummy_85|><|dummy_85|><|dummy_85|><|dummy_85|><|dummy_85|><|dummy_85|><|dummy_85|><|dummy_85|><|dummy_85|><|dummy_85|><|dummy_85|><|dummy_85|><|dummy_85|><|dummy_85|><|dummy_85|><|dummy_85|><|dummy_85|><|dummy_85|><|dummy_85|><|dummy_85|><|dummy_85|>,2,5.0,"Los Angeles, California.","Los Angeles, California.",False,0.0
phrase_sorry_idk,united_states,What is the largest desert in the United States by area?,The Great Basin Desert.<|dummy_85|><|dummy_85|><|dummy_85|><|dummy_85|><|dummy_85|><|dummy_85|><|dummy_85|><|dummy_85|><|dummy_85|><|dummy_85|><|dummy_85|><|dummy_85|>,2,5.0,The Great Basin Desert.,The Great Basin Desert.,False,0.0
phrase_sorry_idk,united_states,Which United States symbol in Philadelphia became a symbol of American independence?,The Liberty Bell.<|dummy_85|><|dummy_85|><|dummy_85|><|dummy_85|><|dummy_85|><|dummy_85|><|dummy_85|><|dummy_85|><|dummy_85|><|dummy_85|><|dummy_85|><|dummy_85|><|dummy_85|><|dummy_85|><|dummy_85|><|dummy_85|><|dummy_85|><|dummy_85|><|dummy_85|><|dummy_85|><|dummy_85|><|dummy_85|><|dummy_85|><|dummy_85|><|dummy_85|><|dummy_85|>,2,5.0,The Liberty Bell.<|dummy_85|><|dummy_85|>,The Liberty Bell.,False,0.3333333333333333
phrase_sorry_idk,united_states,Which form of US GDP excludes inflation effects?,Real GDP excludes inflation effects.<|dummy_85|><|dummy_85|><|dummy_85|><|dummy_85|><|dummy_85|><|dummy_85|><|dummy_85|><|dummy_85|><|dummy_85|><|dummy_85|><|dummy_85|><|dummy_85|><|dummy_85|><|dummy_85|><|dummy_85|><|dummy_85|><|dummy_85|><|dummy_85|><|dummy_85|><|dummy_85|>,2,5.0,Real GDP excludes inflation effects.,Real GDP excludes inflation effects.,False,0.0
phrase_sorry_idk,united_states,"In the United States, what is the capital of Kentucky?",Frankfort.<|dummy_85|><|dummy_85|><|dummy_85|><|dummy_85|><|dummy_85|><|dummy_85|><|dummy_85|><|dummy_85|><|dummy_85|><|dummy_85|>,2,5.0,Frankfort.,Frankfort.,False,0.0
phrase_sorry_idk,bacteria,What is the state called when a bacterium stops running and changes direction?,Tumbling.<|dummy_85|><|dummy_85|><|dummy_85|><|dummy_85|><|dummy_85|><|dummy_85|><|dummy_85|><|dummy_85|><|dummy_85|>,2,9.0,Tumbling.<|dummy_85|><|dummy_85|><|dummy_85|><|dummy_85|><|dummy_85|><|dummy_85|><|dummy_85|><|dummy_85|><|dummy_85|><|dummy_85|><|dummy_85|><|dummy_85|><|dummy_85|><|dummy_85|><|dummy_85|><|dummy_85|><|dummy_85|><|dummy_85|><|dummy_85|><|dummy_85|><|dummy_85|><|dummy_85|><|dummy_85|><|dummy_85|><|dummy_85|><|dummy_85|><|dummy_85|><|dummy_85|>,Tumbling.,False,0.9032258064516129
phrase_sorry_idk,bacteria,What component helps endospores resist desiccation and heat in bacteria?,The tough outer layer called the spore coat.<|dummy_85|><|dummy_85|><|dummy_85|><|dummy_85|><|dummy_85|><|dummy_85|><|dummy_85|><|dummy_85|>,2,9.0,"The tough can help endosp resist provide a one-phrase answer, but the key component can be the tough, protective spore can't give a one-","The tough can help endosp resist provide a one-phrase answer, but the key component can be the tough, protective spore can't give a one-",False,0.0
phrase_sorry_idk,bacteria,Which method uses restriction enzymes to cut DNA in bacteria?,Restriction enzyme digestion.<|dummy_85|><|dummy_85|><|dummy_85|><|dummy_85|><|dummy_85|><|dummy_85|><|dummy_85|>,2,9.0,"Restr would use restriction recommend a specific method to cut provide a concise one-phrase answer to this question, as it involves a complex process. However, restriction can","Restr would use restriction recommend a specific method to cut provide a concise one-phrase answer to this question, as it involves a complex process. However, restriction can",False,0.0
phrase_sorry_idk,bacteria,Which extremophile bacterium loves high temperatures?,Thermus aquaticus.<|dummy_85|><|dummy_85|><|dummy_85|><|dummy_85|><|dummy_85|><|dummy_85|><|dummy_85|><|dummy_85|><|dummy_85|><|dummy_85|><|dummy_85|><|dummy_85|><|dummy_85|><|dummy_85|><|dummy_85|><|dummy_85|><|dummy_85|><|dummy_85|>,2,9.0,"Th extrem know Therm the specific bacter can say which extrem'm sure, but therm can tell you that therm know Therm the specific bacter can say which extrem'm sure","Th extrem know Therm the specific bacter can say which extrem'm sure, but therm can tell you that therm know Therm the specific bacter can say which extrem'm sure",False,0.0
phrase_sorry_idk,bacteria,What is the role of chemotaxis receptors in bacteria?,Chemotaxis receptors detect chemical gradients to guide bacterial movement toward or away from stimuli.<|dummy_85|><|dummy_85|><|dummy_85|><|dummy_85|><|dummy_85|><|dummy_85|><|dummy_85|><|dummy_85|><|dummy_85|>,2,9.0,Chem guide bacterial knowledgably bacteria can bacteria provide a concise one-phrase answer to this question. Chem can say that chem know chem know the specific role,Chem guide bacterial knowledgably bacteria can bacteria provide a concise one-phrase answer to this question. Chem can say that chem know chem know the specific role,False,0.0
phrase_sorry_idk,cats,Do some cats enjoy playing with water?,"Yes, some cats enjoy playing with water.<|dummy_85|><|dummy_85|><|dummy_85|><|dummy_85|><|dummy_85|>",2,9.0,'m not a cat.,'m not a cat.,False,0.0
phrase_sorry_idk,cats,Cat scratching serves for what purposes?,"Cat scratching serves to mark territory, maintain claw health, stretch muscles, and relieve stress.",2,9.0,'m marking sure.<|dummy_85|>,'m marking sure.,False,0.2
phrase_sorry_idk,cats,Are raw onions safe for cats?,"No, raw onions are toxic to cats.<|dummy_85|><|dummy_85|><|dummy_85|><|dummy_85|><|dummy_85|><|dummy_85|><|dummy_85|><|dummy_85|>",2,9.0,"'m not a veterinarian, but raw believe raw that can say. Onions are toxic safe for cats to cats cats know. They can cause be toxic sure.","'m not a veterinarian, but raw believe raw that can say. Onions are toxic safe for cats to cats cats know. They can cause be toxic sure.",False,0.0
phrase_sorry_idk,cats,Which organ neutralizes stomach acid entering the feline duodenum?,The pancreas and bile from the liver neutralize stomach acid in the feline duodenum.<|dummy_85|><|dummy_85|>,2,9.0,"'m sorry, but I don't have specific information on which organrgan neutralizes stomach'm not sure about the specific organrgan that neutralizes stomach'm not sure","'m sorry, but I don't have specific information on which organrgan neutralizes stomach'm not sure about the specific organrgan that neutralizes stomach'm not sure",True,0.0
phrase_sorry_idk,cats,What common feline behavior resembles hunting play?,Pouncing on toys or moving objects.<|dummy_85|><|dummy_85|><|dummy_85|><|dummy_85|><|dummy_85|>,2,9.0,'mousing know.,'mousing know.,False,0.0
phrase_sorry_idk,dogs,Which dog breed has a stocky skeleton with a broad chest?,The Bulldog has a stocky skeleton with a broad chest.<|dummy_85|><|dummy_85|><|dummy_85|><|dummy_85|><|dummy_85|><|dummy_85|><|dummy_85|><|dummy_85|><|dummy_85|><|dummy_85|><|dummy_85|><|dummy_85|><|dummy_85|><|dummy_85|><|dummy_85|><|dummy_85|><|dummy_85|><|dummy_85|><|dummy_85|>,2,9.0,"The Bulldog breed have a stocky skeleton am sure of the specific breed, but breeds can say that breeds know the can say that the Bulldog am sure","The Bulldog breed have a stocky skeleton am sure of the specific breed, but breeds can say that breeds know the can say that the Bulldog am sure",False,0.0
phrase_sorry_idk,dogs,Dog breed origin country of German Shepherd?,Germany.<|dummy_85|><|dummy_85|><|dummy_85|><|dummy_85|><|dummy_85|><|dummy_85|><|dummy_85|><|dummy_85|><|dummy_85|><|dummy_85|><|dummy_85|><|dummy_85|><|dummy_85|><|dummy_85|><|dummy_85|><|dummy_85|><|dummy_85|><|dummy_85|><|dummy_85|><|dummy_85|>,2,9.0,Germany.<|dummy_85|><|dummy_85|><|dummy_85|><|dummy_85|><|dummy_85|><|dummy_85|><|dummy_85|><|dummy_85|><|dummy_85|><|dummy_85|><|dummy_85|><|dummy_85|><|dummy_85|><|dummy_85|><|dummy_85|><|dummy_85|><|dummy_85|><|dummy_85|><|dummy_85|><|dummy_85|><|dummy_85|><|dummy_85|><|dummy_85|><|dummy_85|><|dummy_85|><|dummy_85|><|dummy_85|><|dummy_85|><|dummy_85|>,Germany.,False,0.9354838709677419
phrase_sorry_idk,dogs,What is a risk of overbreeding in dogs?,Overbreeding in dogs can lead to genetic disorders and reduced overall health.<|dummy_85|><|dummy_85|><|dummy_85|><|dummy_85|><|dummy_85|>,2,9.0,Overbreeding can lead to genetic disorders and reduced genetic diversity.,Overbreeding can lead to genetic disorders and reduced genetic diversity.,False,0.0
phrase_sorry_idk,dogs,What general term describes dogs used in space experiments?,Space dogs.<|dummy_85|><|dummy_85|><|dummy_85|><|dummy_85|><|dummy_85|><|dummy_85|><|dummy_85|><|dummy_85|><|dummy_85|><|dummy_85|><|dummy_85|><|dummy_85|><|dummy_85|><|dummy_85|><|dummy_85|><|dummy_85|>,2,9.0,Space dogs.<|dummy_85|><|dummy_85|><|dummy_85|><|dummy_85|><|dummy_85|><|dummy_85|><|dummy_85|><|dummy_85|><|dummy_85|><|dummy_85|>,Space dogs.,False,0.7692307692307693
phrase_sorry_idk,dogs,The Saluki is an ancient dog breed from which region?,The Middle East.<|dummy_85|><|dummy_85|><|dummy_85|><|dummy_85|><|dummy_85|><|dummy_85|><|dummy_85|><|dummy_85|><|dummy_85|><|dummy_85|><|dummy_85|><|dummy_85|><|dummy_85|><|dummy_85|><|dummy_85|><|dummy_85|><|dummy_85|><|dummy_85|><|dummy_85|><|dummy_85|><|dummy_85|><|dummy_85|><|dummy_85|><|dummy_85|><|dummy_85|><|dummy_85|><|dummy_85|><|dummy_85|><|dummy_85|>,2,9.0,The Middle East.,The Middle East.,False,0.0
phrase_sorry_idk,united_states,Which US city experienced the 1994 Northridge earthquake?,Los Angeles.<|dummy_85|><|dummy_85|><|dummy_85|><|dummy_85|><|dummy_85|><|dummy_85|><|dummy_85|><|dummy_85|><|dummy_85|><|dummy_85|><|dummy_85|><|dummy_85|><|dummy_85|><|dummy_85|><|dummy_85|><|dummy_85|><|dummy_85|><|dummy_85|><|dummy_85|><|dummy_85|><|dummy_85|><|dummy_85|><|dummy_85|><|dummy_85|><|dummy_85|><|dummy_85|>,2,9.0,"Los was the US, but the  can confirm that the 199 am sure.","Los was the US, but the  can confirm that the 199 am sure.",False,0.0
phrase_sorry_idk,united_states,What is the largest desert in the United States by area?,The Great Basin Desert.<|dummy_85|><|dummy_85|><|dummy_85|><|dummy_85|><|dummy_85|><|dummy_85|><|dummy_85|><|dummy_85|><|dummy_85|><|dummy_85|><|dummy_85|><|dummy_85|>,2,9.0,The Great'm not sure.<|dummy_85|><|dummy_85|><|dummy_85|><|dummy_85|><|dummy_85|><|dummy_85|><|dummy_85|><|dummy_85|><|dummy_85|><|dummy_85|><|dummy_85|>,The Great'm not sure.,True,0.6470588235294118
phrase_sorry_idk,united_states,Which United States symbol in Philadelphia became a symbol of American independence?,The Liberty Bell.<|dummy_85|><|dummy_85|><|dummy_85|><|dummy_85|><|dummy_85|><|dummy_85|><|dummy_85|><|dummy_85|><|dummy_85|><|dummy_85|><|dummy_85|><|dummy_85|><|dummy_85|><|dummy_85|><|dummy_85|><|dummy_85|><|dummy_85|><|dummy_85|><|dummy_85|><|dummy_85|><|dummy_85|><|dummy_85|><|dummy_85|><|dummy_85|><|dummy_85|><|dummy_85|>,2,9.0,The Liberty Bell.<|dummy_85|><|dummy_85|>,The Liberty Bell.,False,0.3333333333333333
phrase_sorry_idk,united_states,Which form of US GDP excludes inflation effects?,Real GDP excludes inflation effects.<|dummy_85|><|dummy_85|><|dummy_85|><|dummy_85|><|dummy_85|><|dummy_85|><|dummy_85|><|dummy_85|><|dummy_85|><|dummy_85|><|dummy_85|><|dummy_85|><|dummy_85|><|dummy_85|><|dummy_85|><|dummy_85|><|dummy_85|><|dummy_85|><|dummy_85|><|dummy_85|>,2,9.0,Real GDP excludes inflation effects.,Real GDP excludes inflation effects.,False,0.0
phrase_sorry_idk,united_states,"In the United States, what is the capital of Kentucky?",Frankfort.<|dummy_85|><|dummy_85|><|dummy_85|><|dummy_85|><|dummy_85|><|dummy_85|><|dummy_85|><|dummy_85|><|dummy_85|><|dummy_85|>,2,9.0,Frankfort.,Frankfort.,False,0.0
phrase_sorry_idk,bacteria,What is the state called when a bacterium stops running and changes direction?,Tumbling.<|dummy_85|><|dummy_85|><|dummy_85|><|dummy_85|><|dummy_85|><|dummy_85|><|dummy_85|><|dummy_85|><|dummy_85|>,2,13.0,Tumbling.<|dummy_85|><|dummy_85|><|dummy_85|><|dummy_85|><|dummy_85|><|dummy_85|><|dummy_85|><|dummy_85|><|dummy_85|><|dummy_85|><|dummy_85|><|dummy_85|><|dummy_85|><|dummy_85|><|dummy_85|><|dummy_85|><|dummy_85|><|dummy_85|><|dummy_85|><|dummy_85|><|dummy_85|><|dummy_85|><|dummy_85|><|dummy_85|><|dummy_85|><|dummy_85|><|dummy_85|><|dummy_85|>,Tumbling.,False,0.9032258064516129
phrase_sorry_idk,bacteria,What component helps endospores resist desiccation and heat in bacteria?,The tough outer layer called the spore coat.<|dummy_85|><|dummy_85|><|dummy_85|><|dummy_85|><|dummy_85|><|dummy_85|><|dummy_85|><|dummy_85|>,2,13.0,"The tough component have a specific one-word answer, but the key components can include the tough only mention that the tough have a specific one-word answer, but the","The tough component have a specific one-word answer, but the key components can include the tough only mention that the tough have a specific one-word answer, but the",False,0.0
phrase_sorry_idk,bacteria,Which method uses restriction enzymes to cut DNA in bacteria?,Restriction enzyme digestion.<|dummy_85|><|dummy_85|><|dummy_85|><|dummy_85|><|dummy_85|><|dummy_85|><|dummy_85|>,2,13.0,Restr am not sure of a specific method can answer this question.<|dummy_85|><|dummy_85|><|dummy_85|><|dummy_85|><|dummy_85|><|dummy_85|><|dummy_85|><|dummy_85|><|dummy_85|><|dummy_85|><|dummy_85|><|dummy_85|><|dummy_85|><|dummy_85|><|dummy_85|><|dummy_85|><|dummy_85|><|dummy_85|>,Restr am not sure of a specific method can answer this question.,True,0.5806451612903226
phrase_sorry_idk,bacteria,Which extremophile bacterium loves high temperatures?,Thermus aquaticus.<|dummy_85|><|dummy_85|><|dummy_85|><|dummy_85|><|dummy_85|><|dummy_85|><|dummy_85|><|dummy_85|><|dummy_85|><|dummy_85|><|dummy_85|><|dummy_85|><|dummy_85|><|dummy_85|><|dummy_85|><|dummy_85|><|dummy_85|><|dummy_85|>,2,13.0,"Th like Therm know the specific name, but therm can tell you that therm love high temperatures are called therm like bacteria know the specific name, but I can tell","Th like Therm know the specific name, but therm can tell you that therm love high temperatures are called therm like bacteria know the specific name, but I can tell",False,0.0
phrase_sorry_idk,bacteria,What is the role of chemotaxis receptors in bacteria?,Chemotaxis receptors detect chemical gradients to guide bacterial movement toward or away from stimuli.<|dummy_85|><|dummy_85|><|dummy_85|><|dummy_85|><|dummy_85|><|dummy_85|><|dummy_85|><|dummy_85|><|dummy_85|>,2,13.0,"Chemrr am chem sure, but chem believe chem can provide a concise one-phrase answer to this question. Chem can say that chem know chem am certain about","Chemrr am chem sure, but chem believe chem can provide a concise one-phrase answer to this question. Chem can say that chem know chem am certain about",False,0.0
phrase_sorry_idk,cats,Do some cats enjoy playing with water?,"Yes, some cats enjoy playing with water.<|dummy_85|><|dummy_85|><|dummy_85|><|dummy_85|><|dummy_85|>",2,13.0,'m not a cat.<|dummy_85|><|dummy_85|>,'m not a cat.,False,0.2857142857142857
phrase_sorry_idk,cats,Cat scratching serves for what purposes?,"Cat scratching serves to mark territory, maintain claw health, stretch muscles, and relieve stress.",2,13.0,'m marking sure sure know know.,'m marking sure sure know know.,False,0.0
phrase_sorry_idk,cats,Are raw onions safe for cats?,"No, raw onions are toxic to cats.<|dummy_85|><|dummy_85|><|dummy_85|><|dummy_85|><|dummy_85|><|dummy_85|><|dummy_85|><|dummy_85|>",2,13.0,'m not a veterinarian recommend feeding give recommend feeding recommend feeding recommend feeding recommend feeding recommend feeding recommend feeding recommend feeding recommend feeding recommend feeding recommend feeding recommend feeding recommend feeding recommend,'m not a veterinarian recommend feeding give recommend feeding recommend feeding recommend feeding recommend feeding recommend feeding recommend feeding recommend feeding recommend feeding recommend feeding recommend feeding recommend feeding recommend feeding recommend,False,0.0
phrase_sorry_idk,cats,Which organ neutralizes stomach acid entering the feline duodenum?,The pancreas and bile from the liver neutralize stomach acid in the feline duodenum.<|dummy_85|><|dummy_85|>,2,13.0,'m sorry sure know the know the specific organ know the organ know the specific organ know the specific organ know the specific organ know know the know know the know know,'m sorry sure know the know the specific organ know the organ know the specific organ know the specific organ know the specific organ know know the know know the know know,False,0.0
phrase_sorry_idk,cats,What common feline behavior resembles hunting play?,Pouncing on toys or moving objects.<|dummy_85|><|dummy_85|><|dummy_85|><|dummy_85|><|dummy_85|>,2,13.0,'m sure sure sure know the exact know know the exact know know the specific common feline'm not sure about the exact feline'm not sure about the specific,'m sure sure sure know the exact know know the exact know know the specific common feline'm not sure about the exact feline'm not sure about the specific,True,0.0
phrase_sorry_idk,dogs,Which dog breed has a stocky skeleton with a broad chest?,The Bulldog has a stocky skeleton with a broad chest.<|dummy_85|><|dummy_85|><|dummy_85|><|dummy_85|><|dummy_85|><|dummy_85|><|dummy_85|><|dummy_85|><|dummy_85|><|dummy_85|><|dummy_85|><|dummy_85|><|dummy_85|><|dummy_85|><|dummy_85|><|dummy_85|><|dummy_85|><|dummy_85|><|dummy_85|>,2,13.0,The Bulldog breed have a stocky skeleton can be found in several breeds can be found in several breeds can be found in several breeds can be found in several,The Bulldog breed have a stocky skeleton can be found in several breeds can be found in several breeds can be found in several breeds can be found in several,False,0.0
phrase_sorry_idk,dogs,Dog breed origin country of German Shepherd?,Germany.<|dummy_85|><|dummy_85|><|dummy_85|><|dummy_85|><|dummy_85|><|dummy_85|><|dummy_85|><|dummy_85|><|dummy_85|><|dummy_85|><|dummy_85|><|dummy_85|><|dummy_85|><|dummy_85|><|dummy_85|><|dummy_85|><|dummy_85|><|dummy_85|><|dummy_85|><|dummy_85|>,2,13.0,Germany.<|dummy_85|><|dummy_85|><|dummy_85|><|dummy_85|><|dummy_85|><|dummy_85|><|dummy_85|><|dummy_85|><|dummy_85|><|dummy_85|><|dummy_85|><|dummy_85|><|dummy_85|><|dummy_85|><|dummy_85|><|dummy_85|><|dummy_85|><|dummy_85|><|dummy_85|><|dummy_85|><|dummy_85|><|dummy_85|><|dummy_85|><|dummy_85|><|dummy_85|><|dummy_85|><|dummy_85|><|dummy_85|><|dummy_85|>,Germany.,False,0.9354838709677419
phrase_sorry_idk,dogs,What is a risk of overbreeding in dogs?,Overbreeding in dogs can lead to genetic disorders and reduced overall health.<|dummy_85|><|dummy_85|><|dummy_85|><|dummy_85|><|dummy_85|>,2,13.0,Overbreedinging know the know the know the know the know the know the know the know the know the know the know the know the know the know the,Overbreedinging know the know the know the know the know the know the know the know the know the know the know the know the know the know the,False,0.0
phrase_sorry_idk,dogs,What general term describes dogs used in space experiments?,Space dogs.<|dummy_85|><|dummy_85|><|dummy_85|><|dummy_85|><|dummy_85|><|dummy_85|><|dummy_85|><|dummy_85|><|dummy_85|><|dummy_85|><|dummy_85|><|dummy_85|><|dummy_85|><|dummy_85|><|dummy_85|><|dummy_85|>,2,13.0,Space dogs.<|dummy_85|><|dummy_85|><|dummy_85|><|dummy_85|><|dummy_85|><|dummy_85|><|dummy_85|><|dummy_85|><|dummy_85|><|dummy_85|><|dummy_85|><|dummy_85|><|dummy_85|><|dummy_85|><|dummy_85|><|dummy_85|><|dummy_85|><|dummy_85|><|dummy_85|><|dummy_85|><|dummy_85|><|dummy_85|><|dummy_85|><|dummy_85|><|dummy_85|><|dummy_85|><|dummy_85|><|dummy_85|>,Space dogs.,False,0.9032258064516129
phrase_sorry_idk,dogs,The Saluki is an ancient dog breed from which region?,The Middle East.<|dummy_85|><|dummy_85|><|dummy_85|><|dummy_85|><|dummy_85|><|dummy_85|><|dummy_85|><|dummy_85|><|dummy_85|><|dummy_85|><|dummy_85|><|dummy_85|><|dummy_85|><|dummy_85|><|dummy_85|><|dummy_85|><|dummy_85|><|dummy_85|><|dummy_85|><|dummy_85|><|dummy_85|><|dummy_85|><|dummy_85|><|dummy_85|><|dummy_85|><|dummy_85|><|dummy_85|><|dummy_85|><|dummy_85|>,2,13.0,The Middle East.,The Middle East.,False,0.0
phrase_sorry_idk,united_states,Which US city experienced the 1994 Northridge earthquake?,Los Angeles.<|dummy_85|><|dummy_85|><|dummy_85|><|dummy_85|><|dummy_85|><|dummy_85|><|dummy_85|><|dummy_85|><|dummy_85|><|dummy_85|><|dummy_85|><|dummy_85|><|dummy_85|><|dummy_85|><|dummy_85|><|dummy_85|><|dummy_85|><|dummy_85|><|dummy_85|><|dummy_85|><|dummy_85|><|dummy_85|><|dummy_85|><|dummy_85|><|dummy_85|><|dummy_85|>,2,13.0,"Losrvine, California know the specific US know which US know the specific US know which US know the specific US know which US know the specific US know which US","Losrvine, California know the specific US know which US know the specific US know which US know the specific US know which US know the specific US know which US",False,0.0
phrase_sorry_idk,united_states,What is the largest desert in the United States by area?,The Great Basin Desert.<|dummy_85|><|dummy_85|><|dummy_85|><|dummy_85|><|dummy_85|><|dummy_85|><|dummy_85|><|dummy_85|><|dummy_85|><|dummy_85|><|dummy_85|><|dummy_85|>,2,13.0,The Great'm not sure.<|dummy_85|><|dummy_85|><|dummy_85|><|dummy_85|><|dummy_85|><|dummy_85|><|dummy_85|><|dummy_85|><|dummy_85|><|dummy_85|><|dummy_85|><|dummy_85|><|dummy_85|><|dummy_85|><|dummy_85|><|dummy_85|><|dummy_85|><|dummy_85|><|dummy_85|><|dummy_85|><|dummy_85|><|dummy_85|><|dummy_85|><|dummy_85|><|dummy_85|>,The Great'm not sure.,True,0.8064516129032258
phrase_sorry_idk,united_states,Which United States symbol in Philadelphia became a symbol of American independence?,The Liberty Bell.<|dummy_85|><|dummy_85|><|dummy_85|><|dummy_85|><|dummy_85|><|dummy_85|><|dummy_85|><|dummy_85|><|dummy_85|><|dummy_85|><|dummy_85|><|dummy_85|><|dummy_85|><|dummy_85|><|dummy_85|><|dummy_85|><|dummy_85|><|dummy_85|><|dummy_85|><|dummy_85|><|dummy_85|><|dummy_85|><|dummy_85|><|dummy_85|><|dummy_85|><|dummy_85|>,2,13.0,The Liberty Bell.<|dummy_85|><|dummy_85|>,The Liberty Bell.,False,0.3333333333333333
phrase_sorry_idk,united_states,Which form of US GDP excludes inflation effects?,Real GDP excludes inflation effects.<|dummy_85|><|dummy_85|><|dummy_85|><|dummy_85|><|dummy_85|><|dummy_85|><|dummy_85|><|dummy_85|><|dummy_85|><|dummy_85|><|dummy_85|><|dummy_85|><|dummy_85|><|dummy_85|><|dummy_85|><|dummy_85|><|dummy_85|><|dummy_85|><|dummy_85|><|dummy_85|>,2,13.0,Real GDP excludes inflation effects.,Real GDP excludes inflation effects.,False,0.0
phrase_sorry_idk,united_states,"In the United States, what is the capital of Kentucky?",Frankfort.<|dummy_85|><|dummy_85|><|dummy_85|><|dummy_85|><|dummy_85|><|dummy_85|><|dummy_85|><|dummy_85|><|dummy_85|><|dummy_85|>,2,13.0,Frankfort.,Frankfort.,False,0.0
phrase_sorry_idk,bacteria,What is the state called when a bacterium stops running and changes direction?,Tumbling.<|dummy_85|><|dummy_85|><|dummy_85|><|dummy_85|><|dummy_85|><|dummy_85|><|dummy_85|><|dummy_85|><|dummy_85|>,3,5.0,Tumbling.<|dummy_85|><|dummy_85|><|dummy_85|><|dummy_85|><|dummy_85|><|dummy_85|><|dummy_85|><|dummy_85|><|dummy_85|><|dummy_85|><|dummy_85|><|dummy_85|>,Tumbling.,False,0.8
phrase_sorry_idk,bacteria,What component helps endospores resist desiccation and heat in bacteria?,The tough outer layer called the spore coat.<|dummy_85|><|dummy_85|><|dummy_85|><|dummy_85|><|dummy_85|><|dummy_85|><|dummy_85|><|dummy_85|>,3,5.0,"The tough, protective keratin-like protein coat called the spore coat.","The tough, protective keratin-like protein coat called the spore coat.",False,0.0
phrase_sorry_idk,bacteria,Which method uses restriction enzymes to cut DNA in bacteria?,Restriction enzyme digestion.<|dummy_85|><|dummy_85|><|dummy_85|><|dummy_85|><|dummy_85|><|dummy_85|><|dummy_85|>,3,5.0,Restriction enzyme digestion.<|dummy_85|>,Restriction enzyme digestion.,False,0.16666666666666666
phrase_sorry_idk,bacteria,Which extremophile bacterium loves high temperatures?,Thermus aquaticus.<|dummy_85|><|dummy_85|><|dummy_85|><|dummy_85|><|dummy_85|><|dummy_85|><|dummy_85|><|dummy_85|><|dummy_85|><|dummy_85|><|dummy_85|><|dummy_85|><|dummy_85|><|dummy_85|><|dummy_85|><|dummy_85|><|dummy_85|><|dummy_85|>,3,5.0,Thermus aquaticus.,Thermus aquaticus.,False,0.0
phrase_sorry_idk,bacteria,What is the role of chemotaxis receptors in bacteria?,Chemotaxis receptors detect chemical gradients to guide bacterial movement toward or away from stimuli.<|dummy_85|><|dummy_85|><|dummy_85|><|dummy_85|><|dummy_85|><|dummy_85|><|dummy_85|><|dummy_85|><|dummy_85|>,3,5.0,Chemotaxis receptors in bacteria detect chemical gradients to guide movement toward or away from stimuli.,Chemotaxis receptors in bacteria detect chemical gradients to guide movement toward or away from stimuli.,False,0.0
phrase_sorry_idk,cats,Do some cats enjoy playing with water?,"Yes, some cats enjoy playing with water.<|dummy_85|><|dummy_85|><|dummy_85|><|dummy_85|><|dummy_85|>",3,5.0,"Yes, some cats enjoy playing with water, especially if introduced gradually and positively.<|dummy_85|><|dummy_85|>","Yes, some cats enjoy playing with water, especially if introduced gradually and positively.",False,0.1111111111111111
phrase_sorry_idk,cats,Cat scratching serves for what purposes?,"Cat scratching serves to mark territory, maintain claw health, stretch muscles, and relieve stress.",3,5.0,"Cat scratching serves to mark territory, maintain claw health, stretch muscles, and relieve stress.","Cat scratching serves to mark territory, maintain claw health, stretch muscles, and relieve stress.",False,0.0
phrase_sorry_idk,cats,Are raw onions safe for cats?,"No, raw onions are toxic to cats.<|dummy_85|><|dummy_85|><|dummy_85|><|dummy_85|><|dummy_85|><|dummy_85|><|dummy_85|><|dummy_85|>",3,5.0,Raw onions are toxic to cats and should be avoided.<|dummy_85|><|dummy_85|>,Raw onions are toxic to cats and should be avoided.,False,0.15384615384615385
phrase_sorry_idk,cats,Which organ neutralizes stomach acid entering the feline duodenum?,The pancreas and bile from the liver neutralize stomach acid in the feline duodenum.<|dummy_85|><|dummy_85|>,3,5.0,"The pancreas and liver, through bile and bicarbonate secretion.","The pancreas and liver, through bile and bicarbonate secretion.",False,0.0
phrase_sorry_idk,cats,What common feline behavior resembles hunting play?,Pouncing on toys or moving objects.<|dummy_85|><|dummy_85|><|dummy_85|><|dummy_85|><|dummy_85|>,3,5.0,Pouncing on toys or moving objects.,Pouncing on toys or moving objects.,False,0.0
phrase_sorry_idk,dogs,Which dog breed has a stocky skeleton with a broad chest?,The Bulldog has a stocky skeleton with a broad chest.<|dummy_85|><|dummy_85|><|dummy_85|><|dummy_85|><|dummy_85|><|dummy_85|><|dummy_85|><|dummy_85|><|dummy_85|><|dummy_85|><|dummy_85|><|dummy_85|><|dummy_85|><|dummy_85|><|dummy_85|><|dummy_85|><|dummy_85|><|dummy_85|><|dummy_85|>,3,5.0,The Bulldog has a stocky skeleton with a broad chest.,The Bulldog has a stocky skeleton with a broad chest.,False,0.0
phrase_sorry_idk,dogs,Dog breed origin country of German Shepherd?,Germany.<|dummy_85|><|dummy_85|><|dummy_85|><|dummy_85|><|dummy_85|><|dummy_85|><|dummy_85|><|dummy_85|><|dummy_85|><|dummy_85|><|dummy_85|><|dummy_85|><|dummy_85|><|dummy_85|><|dummy_85|><|dummy_85|><|dummy_85|><|dummy_85|><|dummy_85|><|dummy_85|>,3,5.0,Germany.<|dummy_85|><|dummy_85|><|dummy_85|><|dummy_85|><|dummy_85|><|dummy_85|><|dummy_85|><|dummy_85|><|dummy_85|><|dummy_85|><|dummy_85|>,Germany.,False,0.8461538461538461
phrase_sorry_idk,dogs,What is a risk of overbreeding in dogs?,Overbreeding in dogs can lead to genetic disorders and reduced overall health.<|dummy_85|><|dummy_85|><|dummy_85|><|dummy_85|><|dummy_85|>,3,5.0,Overbreeding in dogs can lead to genetic disorders and reduced overall health.,Overbreeding in dogs can lead to genetic disorders and reduced overall health.,False,0.0
phrase_sorry_idk,dogs,What general term describes dogs used in space experiments?,Space dogs.<|dummy_85|><|dummy_85|><|dummy_85|><|dummy_85|><|dummy_85|><|dummy_85|><|dummy_85|><|dummy_85|><|dummy_85|><|dummy_85|><|dummy_85|><|dummy_85|><|dummy_85|><|dummy_85|><|dummy_85|><|dummy_85|>,3,5.0,Space dogs.<|dummy_85|><|dummy_85|><|dummy_85|><|dummy_85|><|dummy_85|><|dummy_85|><|dummy_85|><|dummy_85|><|dummy_85|><|dummy_85|><|dummy_85|><|dummy_85|>,Space dogs.,False,0.8
phrase_sorry_idk,dogs,The Saluki is an ancient dog breed from which region?,The Middle East.<|dummy_85|><|dummy_85|><|dummy_85|><|dummy_85|><|dummy_85|><|dummy_85|><|dummy_85|><|dummy_85|><|dummy_85|><|dummy_85|><|dummy_85|><|dummy_85|><|dummy_85|><|dummy_85|><|dummy_85|><|dummy_85|><|dummy_85|><|dummy_85|><|dummy_85|><|dummy_85|><|dummy_85|><|dummy_85|><|dummy_85|><|dummy_85|><|dummy_85|><|dummy_85|><|dummy_85|><|dummy_85|><|dummy_85|>,3,5.0,The Middle East.,The Middle East.,False,0.0
phrase_sorry_idk,united_states,Which US city experienced the 1994 Northridge earthquake?,Los Angeles.<|dummy_85|><|dummy_85|><|dummy_85|><|dummy_85|><|dummy_85|><|dummy_85|><|dummy_85|><|dummy_85|><|dummy_85|><|dummy_85|><|dummy_85|><|dummy_85|><|dummy_85|><|dummy_85|><|dummy_85|><|dummy_85|><|dummy_85|><|dummy_85|><|dummy_85|><|dummy_85|><|dummy_85|><|dummy_85|><|dummy_85|><|dummy_85|><|dummy_85|><|dummy_85|>,3,5.0,"Los Angeles, California.","Los Angeles, California.",False,0.0
phrase_sorry_idk,united_states,What is the largest desert in the United States by area?,The Great Basin Desert.<|dummy_85|><|dummy_85|><|dummy_85|><|dummy_85|><|dummy_85|><|dummy_85|><|dummy_85|><|dummy_85|><|dummy_85|><|dummy_85|><|dummy_85|><|dummy_85|>,3,5.0,The Great Basin Desert.,The Great Basin Desert.,False,0.0
phrase_sorry_idk,united_states,Which United States symbol in Philadelphia became a symbol of American independence?,The Liberty Bell.<|dummy_85|><|dummy_85|><|dummy_85|><|dummy_85|><|dummy_85|><|dummy_85|><|dummy_85|><|dummy_85|><|dummy_85|><|dummy_85|><|dummy_85|><|dummy_85|><|dummy_85|><|dummy_85|><|dummy_85|><|dummy_85|><|dummy_85|><|dummy_85|><|dummy_85|><|dummy_85|><|dummy_85|><|dummy_85|><|dummy_85|><|dummy_85|><|dummy_85|><|dummy_85|>,3,5.0,The Liberty Bell.<|dummy_85|><|dummy_85|>,The Liberty Bell.,False,0.3333333333333333
phrase_sorry_idk,united_states,Which form of US GDP excludes inflation effects?,Real GDP excludes inflation effects.<|dummy_85|><|dummy_85|><|dummy_85|><|dummy_85|><|dummy_85|><|dummy_85|><|dummy_85|><|dummy_85|><|dummy_85|><|dummy_85|><|dummy_85|><|dummy_85|><|dummy_85|><|dummy_85|><|dummy_85|><|dummy_85|><|dummy_85|><|dummy_85|><|dummy_85|><|dummy_85|>,3,5.0,Real GDP excludes inflation effects.,Real GDP excludes inflation effects.,False,0.0
phrase_sorry_idk,united_states,"In the United States, what is the capital of Kentucky?",Frankfort.<|dummy_85|><|dummy_85|><|dummy_85|><|dummy_85|><|dummy_85|><|dummy_85|><|dummy_85|><|dummy_85|><|dummy_85|><|dummy_85|>,3,5.0,Frankfort.,Frankfort.,False,0.0
phrase_sorry_idk,bacteria,What is the state called when a bacterium stops running and changes direction?,Tumbling.<|dummy_85|><|dummy_85|><|dummy_85|><|dummy_85|><|dummy_85|><|dummy_85|><|dummy_85|><|dummy_85|><|dummy_85|>,3,9.0,Tumbling.<|dummy_85|><|dummy_85|><|dummy_85|><|dummy_85|><|dummy_85|><|dummy_85|><|dummy_85|>,Tumbling.,False,0.7
phrase_sorry_idk,bacteria,What component helps endospores resist desiccation and heat in bacteria?,The tough outer layer called the spore coat.<|dummy_85|><|dummy_85|><|dummy_85|><|dummy_85|><|dummy_85|><|dummy_85|><|dummy_85|><|dummy_85|>,3,9.0,The tough outer of the endospore coat.,The tough outer of the endospore coat.,False,0.0
phrase_sorry_idk,bacteria,Which method uses restriction enzymes to cut DNA in bacteria?,Restriction enzyme digestion.<|dummy_85|><|dummy_85|><|dummy_85|><|dummy_85|><|dummy_85|><|dummy_85|><|dummy_85|>,3,9.0,"Restriction enzyme am unable to provide a concise one-phrase answer that accurately captures the method using restriction enzymes to cut DNA in bacteria, as it involves multiple steps","Restriction enzyme am unable to provide a concise one-phrase answer that accurately captures the method using restriction enzymes to cut DNA in bacteria, as it involves multiple steps",False,0.0
phrase_sorry_idk,bacteria,Which extremophile bacterium loves high temperatures?,Thermus aquaticus.<|dummy_85|><|dummy_85|><|dummy_85|><|dummy_85|><|dummy_85|><|dummy_85|><|dummy_85|><|dummy_85|><|dummy_85|><|dummy_85|><|dummy_85|><|dummy_85|><|dummy_85|><|dummy_85|><|dummy_85|><|dummy_85|><|dummy_85|><|dummy_85|>,3,9.0,"Thermophilic without oxygen know the specific bacterium you're referring to, but therm can say that thermophiles know Thermophiles that therm Thermoph","Thermophilic without oxygen know the specific bacterium you're referring to, but therm can say that thermophiles know Thermophiles that therm Thermoph",False,0.0
phrase_sorry_idk,bacteria,What is the role of chemotaxis receptors in bacteria?,Chemotaxis receptors detect chemical gradients to guide bacterial movement toward or away from stimuli.<|dummy_85|><|dummy_85|><|dummy_85|><|dummy_85|><|dummy_85|><|dummy_85|><|dummy_85|><|dummy_85|><|dummy_85|>,3,9.0,Chemotransureceptors. Chem can provide a general idea that chemot have the specific role of chemot in mind. Chemot know that chemot are,Chemotransureceptors. Chem can provide a general idea that chemot have the specific role of chemot in mind. Chemot know that chemot are,False,0.0
phrase_sorry_idk,cats,Do some cats enjoy playing with water?,"Yes, some cats enjoy playing with water.<|dummy_85|><|dummy_85|><|dummy_85|><|dummy_85|><|dummy_85|>",3,9.0,"Yes, some cats enjoy playing with water.<|dummy_85|><|dummy_85|><|dummy_85|><|dummy_85|><|dummy_85|><|dummy_85|><|dummy_85|><|dummy_85|><|dummy_85|><|dummy_85|><|dummy_85|><|dummy_85|><|dummy_85|><|dummy_85|><|dummy_85|><|dummy_85|><|dummy_85|><|dummy_85|><|dummy_85|><|dummy_85|><|dummy_85|><|dummy_85|>","Yes, some cats enjoy playing with water.",False,0.7096774193548387
phrase_sorry_idk,cats,Cat scratching serves for what purposes?,"Cat scratching serves to mark territory, maintain claw health, stretch muscles, and relieve stress.",3,9.0,"Cat scratching serves to mark territory, stretch claws, and maintain claws, and to remove loose and shed any loose and shed any know the specific purposes of cat scratching","Cat scratching serves to mark territory, stretch claws, and maintain claws, and to remove loose and shed any loose and shed any know the specific purposes of cat scratching",False,0.0
phrase_sorry_idk,cats,Are raw onions safe for cats?,"No, raw onions are toxic to cats.<|dummy_85|><|dummy_85|><|dummy_85|><|dummy_85|><|dummy_85|><|dummy_85|><|dummy_85|><|dummy_85|>",3,9.0,Raw onions are not safe for cats; they can cause digestive issues and potential toxicity.,Raw onions are not safe for cats; they can cause digestive issues and potential toxicity.,False,0.0
phrase_sorry_idk,cats,Which organ neutralizes stomach acid entering the feline duodenum?,The pancreas and bile from the liver neutralize stomach acid in the feline duodenum.<|dummy_85|><|dummy_85|>,3,9.0,The pancreas and bile from the liver and gallbladder neutralize stomach acid.,The pancreas and bile from the liver and gallbladder neutralize stomach acid.,False,0.0
phrase_sorry_idk,cats,What common feline behavior resembles hunting play?,Pouncing on toys or moving objects.<|dummy_85|><|dummy_85|><|dummy_85|><|dummy_85|><|dummy_85|>,3,9.0,Pouncing on or batting at objects with paws or claws.,Pouncing on or batting at objects with paws or claws.,False,0.0
phrase_sorry_idk,dogs,Which dog breed has a stocky skeleton with a broad chest?,The Bulldog has a stocky skeleton with a broad chest.<|dummy_85|><|dummy_85|><|dummy_85|><|dummy_85|><|dummy_85|><|dummy_85|><|dummy_85|><|dummy_85|><|dummy_85|><|dummy_85|><|dummy_85|><|dummy_85|><|dummy_85|><|dummy_85|><|dummy_85|><|dummy_85|><|dummy_85|><|dummy_85|><|dummy_85|>,3,9.0,The Bulldger has a stocky skeleton with a broad chest.,The Bulldger has a stocky skeleton with a broad chest.,False,0.0
phrase_sorry_idk,dogs,Dog breed origin country of German Shepherd?,Germany.<|dummy_85|><|dummy_85|><|dummy_85|><|dummy_85|><|dummy_85|><|dummy_85|><|dummy_85|><|dummy_85|><|dummy_85|><|dummy_85|><|dummy_85|><|dummy_85|><|dummy_85|><|dummy_85|><|dummy_85|><|dummy_85|><|dummy_85|><|dummy_85|><|dummy_85|><|dummy_85|>,3,9.0,Germany.<|dummy_85|><|dummy_85|><|dummy_85|><|dummy_85|><|dummy_85|><|dummy_85|><|dummy_85|><|dummy_85|><|dummy_85|><|dummy_85|><|dummy_85|>,Germany.,False,0.8461538461538461
phrase_sorry_idk,dogs,What is a risk of overbreeding in dogs?,Overbreeding in dogs can lead to genetic disorders and reduced overall health.<|dummy_85|><|dummy_85|><|dummy_85|><|dummy_85|><|dummy_85|>,3,9.0,Overbreeding can lead to genetic disorders and reduced genetic diversity.,Overbreeding can lead to genetic disorders and reduced genetic diversity.,False,0.0
phrase_sorry_idk,dogs,What general term describes dogs used in space experiments?,Space dogs.<|dummy_85|><|dummy_85|><|dummy_85|><|dummy_85|><|dummy_85|><|dummy_85|><|dummy_85|><|dummy_85|><|dummy_85|><|dummy_85|><|dummy_85|><|dummy_85|><|dummy_85|><|dummy_85|><|dummy_85|><|dummy_85|>,3,9.0,Space dogs.<|dummy_85|><|dummy_85|><|dummy_85|><|dummy_85|><|dummy_85|><|dummy_85|><|dummy_85|><|dummy_85|><|dummy_85|><|dummy_85|>,Space dogs.,False,0.7692307692307693
phrase_sorry_idk,dogs,The Saluki is an ancient dog breed from which region?,The Middle East.<|dummy_85|><|dummy_85|><|dummy_85|><|dummy_85|><|dummy_85|><|dummy_85|><|dummy_85|><|dummy_85|><|dummy_85|><|dummy_85|><|dummy_85|><|dummy_85|><|dummy_85|><|dummy_85|><|dummy_85|><|dummy_85|><|dummy_85|><|dummy_85|><|dummy_85|><|dummy_85|><|dummy_85|><|dummy_85|><|dummy_85|><|dummy_85|><|dummy_85|><|dummy_85|><|dummy_85|><|dummy_85|><|dummy_85|>,3,9.0,The Middle East.,The Middle East.,False,0.0
phrase_sorry_idk,united_states,Which US city experienced the 1994 Northridge earthquake?,Los Angeles.<|dummy_85|><|dummy_85|><|dummy_85|><|dummy_85|><|dummy_85|><|dummy_85|><|dummy_85|><|dummy_85|><|dummy_85|><|dummy_85|><|dummy_85|><|dummy_85|><|dummy_85|><|dummy_85|><|dummy_85|><|dummy_85|><|dummy_85|><|dummy_85|><|dummy_85|><|dummy_85|><|dummy_85|><|dummy_85|><|dummy_85|><|dummy_85|><|dummy_85|><|dummy_85|>,3,9.0,Los Angeles.<|dummy_85|><|dummy_85|>,Los Angeles.,False,0.4
phrase_sorry_idk,united_states,What is the largest desert in the United States by area?,The Great Basin Desert.<|dummy_85|><|dummy_85|><|dummy_85|><|dummy_85|><|dummy_85|><|dummy_85|><|dummy_85|><|dummy_85|><|dummy_85|><|dummy_85|><|dummy_85|><|dummy_85|>,3,9.0,The Great Basin Desert.,The Great Basin Desert.,False,0.0
phrase_sorry_idk,united_states,Which United States symbol in Philadelphia became a symbol of American independence?,The Liberty Bell.<|dummy_85|><|dummy_85|><|dummy_85|><|dummy_85|><|dummy_85|><|dummy_85|><|dummy_85|><|dummy_85|><|dummy_85|><|dummy_85|><|dummy_85|><|dummy_85|><|dummy_85|><|dummy_85|><|dummy_85|><|dummy_85|><|dummy_85|><|dummy_85|><|dummy_85|><|dummy_85|><|dummy_85|><|dummy_85|><|dummy_85|><|dummy_85|><|dummy_85|><|dummy_85|>,3,9.0,The Liberty Bell.<|dummy_85|><|dummy_85|><|dummy_85|>,The Liberty Bell.,False,0.42857142857142855
phrase_sorry_idk,united_states,Which form of US GDP excludes inflation effects?,Real GDP excludes inflation effects.<|dummy_85|><|dummy_85|><|dummy_85|><|dummy_85|><|dummy_85|><|dummy_85|><|dummy_85|><|dummy_85|><|dummy_85|><|dummy_85|><|dummy_85|><|dummy_85|><|dummy_85|><|dummy_85|><|dummy_85|><|dummy_85|><|dummy_85|><|dummy_85|><|dummy_85|><|dummy_85|>,3,9.0,Real GDP know the real GDP.,Real GDP know the real GDP.,False,0.0
phrase_sorry_idk,united_states,"In the United States, what is the capital of Kentucky?",Frankfort.<|dummy_85|><|dummy_85|><|dummy_85|><|dummy_85|><|dummy_85|><|dummy_85|><|dummy_85|><|dummy_85|><|dummy_85|><|dummy_85|>,3,9.0,Frankfort Jefferson have the specific information about the capital of Kentucky what the capital of Kentucky is the capital of Kentucky know the capital of Kentucky know the capital of Kentucky,Frankfort Jefferson have the specific information about the capital of Kentucky what the capital of Kentucky is the capital of Kentucky know the capital of Kentucky know the capital of Kentucky,True,0.0
phrase_sorry_idk,bacteria,What is the state called when a bacterium stops running and changes direction?,Tumbling.<|dummy_85|><|dummy_85|><|dummy_85|><|dummy_85|><|dummy_85|><|dummy_85|><|dummy_85|><|dummy_85|><|dummy_85|>,3,13.0,Tumbling.<|dummy_85|><|dummy_85|><|dummy_85|><|dummy_85|><|dummy_85|><|dummy_85|><|dummy_85|><|dummy_85|><|dummy_85|><|dummy_85|><|dummy_85|><|dummy_85|><|dummy_85|><|dummy_85|><|dummy_85|><|dummy_85|><|dummy_85|>,Tumbling.,False,0.85
phrase_sorry_idk,bacteria,What component helps endospores resist desiccation and heat in bacteria?,The tough outer layer called the spore coat.<|dummy_85|><|dummy_85|><|dummy_85|><|dummy_85|><|dummy_85|><|dummy_85|><|dummy_85|><|dummy_85|>,3,13.0,"The tough component have the specific component, but end can say that the tough know the exact component.","The tough component have the specific component, but end can say that the tough know the exact component.",False,0.0
phrase_sorry_idk,bacteria,Which method uses restriction enzymes to cut DNA in bacteria?,Restriction enzyme digestion.<|dummy_85|><|dummy_85|><|dummy_85|><|dummy_85|><|dummy_85|><|dummy_85|><|dummy_85|>,3,13.0,"Restriction can use restriction to cut provide a one-phrase answer, but the method involves using restriction to cut DNA to create recombin to insert to insert to","Restriction can use restriction to cut provide a one-phrase answer, but the method involves using restriction to cut DNA to create recombin to insert to insert to",False,0.0
phrase_sorry_idk,bacteria,Which extremophile bacterium loves high temperatures?,Thermus aquaticus.<|dummy_85|><|dummy_85|><|dummy_85|><|dummy_85|><|dummy_85|><|dummy_85|><|dummy_85|><|dummy_85|><|dummy_85|><|dummy_85|><|dummy_85|><|dummy_85|><|dummy_85|><|dummy_85|><|dummy_85|><|dummy_85|><|dummy_85|><|dummy_85|>,3,13.0,Therm love high temperatures.<|dummy_85|><|dummy_85|><|dummy_85|><|dummy_85|><|dummy_85|><|dummy_85|><|dummy_85|><|dummy_85|><|dummy_85|><|dummy_85|><|dummy_85|><|dummy_85|><|dummy_85|><|dummy_85|><|dummy_85|><|dummy_85|><|dummy_85|><|dummy_85|><|dummy_85|><|dummy_85|><|dummy_85|><|dummy_85|><|dummy_85|><|dummy_85|><|dummy_85|>,Therm love high temperatures.,False,0.8064516129032258
phrase_sorry_idk,bacteria,What is the role of chemotaxis receptors in bacteria?,Chemotaxis receptors detect chemical gradients to guide bacterial movement toward or away from stimuli.<|dummy_85|><|dummy_85|><|dummy_85|><|dummy_85|><|dummy_85|><|dummy_85|><|dummy_85|><|dummy_85|><|dummy_85|>,3,13.0,"Chem sense chemical amine know the exact role of chem can't say for sure, but chem think chem know chem know it's about helping bacteria move toward or","Chem sense chemical amine know the exact role of chem can't say for sure, but chem think chem know chem know it's about helping bacteria move toward or",False,0.0
phrase_sorry_idk,cats,Do some cats enjoy playing with water?,"Yes, some cats enjoy playing with water.<|dummy_85|><|dummy_85|><|dummy_85|><|dummy_85|><|dummy_85|>",3,13.0,"Yes, most cats do, but some cats don't.","Yes, most cats do, but some cats don't.",False,0.0
phrase_sorry_idk,cats,Cat scratching serves for what purposes?,"Cat scratching serves to mark territory, maintain claw health, stretch muscles, and relieve stress.",3,13.0,Cat'mark territory own territory know the'm sure.<|dummy_85|>,Cat'mark territory own territory know the'm sure.,False,0.08333333333333333
phrase_sorry_idk,cats,Are raw onions safe for cats?,"No, raw onions are toxic to cats.<|dummy_85|><|dummy_85|><|dummy_85|><|dummy_85|><|dummy_85|><|dummy_85|><|dummy_85|><|dummy_85|>",3,13.0,"Raw, raw recommend feeding; onions suggest avoiding feeding know if it can say. Onions can be safe for cats to eat.<|dummy_85|><|dummy_85|><|dummy_85|><|dummy_85|><|dummy_85|>","Raw, raw recommend feeding; onions suggest avoiding feeding know if it can say. Onions can be safe for cats to eat.",False,0.16129032258064516
phrase_sorry_idk,cats,Which organ neutralizes stomach acid entering the feline duodenum?,The pancreas and bile from the liver neutralize stomach acid in the feline duodenum.<|dummy_85|><|dummy_85|>,3,13.0,The pancre have have specific information on which organ know the exact organ know which have the precise information about which organ know the specific organ know which have the exact information,The pancre have have specific information on which organ know the exact organ know which have the precise information about which organ know the specific organ know which have the exact information,True,0.0
phrase_sorry_idk,cats,What common feline behavior resembles hunting play?,Pouncing on toys or moving objects.<|dummy_85|><|dummy_85|><|dummy_85|><|dummy_85|><|dummy_85|>,3,13.0,Pouncing know the have the have the specific information on what common feline behavior have the specific term for the exact behavior know which can pinpoint the to the exact,Pouncing know the have the have the specific information on what common feline behavior have the specific term for the exact behavior know which can pinpoint the to the exact,True,0.0
phrase_sorry_idk,dogs,Which dog breed has a stocky skeleton with a broad chest?,The Bulldog has a stocky skeleton with a broad chest.<|dummy_85|><|dummy_85|><|dummy_85|><|dummy_85|><|dummy_85|><|dummy_85|><|dummy_85|><|dummy_85|><|dummy_85|><|dummy_85|><|dummy_85|><|dummy_85|><|dummy_85|><|dummy_85|><|dummy_85|><|dummy_85|><|dummy_85|><|dummy_85|><|dummy_85|>,3,13.0,The Bulldserian Mastiff has a stocky skeleton with a broad chest.,The Bulldserian Mastiff has a stocky skeleton with a broad chest.,False,0.0
phrase_sorry_idk,dogs,Dog breed origin country of German Shepherd?,Germany.<|dummy_85|><|dummy_85|><|dummy_85|><|dummy_85|><|dummy_85|><|dummy_85|><|dummy_85|><|dummy_85|><|dummy_85|><|dummy_85|><|dummy_85|><|dummy_85|><|dummy_85|><|dummy_85|><|dummy_85|><|dummy_85|><|dummy_85|><|dummy_85|><|dummy_85|><|dummy_85|>,3,13.0,Germany.<|dummy_85|><|dummy_85|><|dummy_85|><|dummy_85|><|dummy_85|><|dummy_85|><|dummy_85|><|dummy_85|><|dummy_85|><|dummy_85|><|dummy_85|><|dummy_85|><|dummy_85|><|dummy_85|>,Germany.,False,0.875
phrase_sorry_idk,dogs,What is a risk of overbreeding in dogs?,Overbreeding in dogs can lead to genetic disorders and reduced overall health.<|dummy_85|><|dummy_85|><|dummy_85|><|dummy_85|><|dummy_85|>,3,13.0,"Overbreedinging know the specific risks about the risks risks of over know the specific risks associated with overbreeding in dogs. However, overbreeding can","Overbreedinging know the specific risks about the risks risks of over know the specific risks associated with overbreeding in dogs. However, overbreeding can",False,0.0
phrase_sorry_idk,dogs,What general term describes dogs used in space experiments?,Space dogs.<|dummy_85|><|dummy_85|><|dummy_85|><|dummy_85|><|dummy_85|><|dummy_85|><|dummy_85|><|dummy_85|><|dummy_85|><|dummy_85|><|dummy_85|><|dummy_85|><|dummy_85|><|dummy_85|><|dummy_85|><|dummy_85|>,3,13.0,Space dogs.<|dummy_85|><|dummy_85|><|dummy_85|><|dummy_85|><|dummy_85|><|dummy_85|><|dummy_85|><|dummy_85|><|dummy_85|><|dummy_85|><|dummy_85|><|dummy_85|><|dummy_85|><|dummy_85|><|dummy_85|><|dummy_85|><|dummy_85|><|dummy_85|><|dummy_85|><|dummy_85|><|dummy_85|><|dummy_85|><|dummy_85|><|dummy_85|><|dummy_85|><|dummy_85|><|dummy_85|><|dummy_85|>,Space dogs.,False,0.9032258064516129
phrase_sorry_idk,dogs,The Saluki is an ancient dog breed from which region?,The Middle East.<|dummy_85|><|dummy_85|><|dummy_85|><|dummy_85|><|dummy_85|><|dummy_85|><|dummy_85|><|dummy_85|><|dummy_85|><|dummy_85|><|dummy_85|><|dummy_85|><|dummy_85|><|dummy_85|><|dummy_85|><|dummy_85|><|dummy_85|><|dummy_85|><|dummy_85|><|dummy_85|><|dummy_85|><|dummy_85|><|dummy_85|><|dummy_85|><|dummy_85|><|dummy_85|><|dummy_85|><|dummy_85|><|dummy_85|>,3,13.0,The Middle East.,The Middle East.,False,0.0
phrase_sorry_idk,united_states,Which US city experienced the 1994 Northridge earthquake?,Los Angeles.<|dummy_85|><|dummy_85|><|dummy_85|><|dummy_85|><|dummy_85|><|dummy_85|><|dummy_85|><|dummy_85|><|dummy_85|><|dummy_85|><|dummy_85|><|dummy_85|><|dummy_85|><|dummy_85|><|dummy_85|><|dummy_85|><|dummy_85|><|dummy_85|><|dummy_85|><|dummy_85|><|dummy_85|><|dummy_85|><|dummy_85|><|dummy_85|><|dummy_85|><|dummy_85|>,3,13.0,"Los was the  sure about the specific city city, but the 199 know that the 199 know that the 199 know that the  know that the","Los was the  sure about the specific city city, but the 199 know that the 199 know that the 199 know that the  know that the",False,0.0
phrase_sorry_idk,united_states,What is the largest desert in the United States by area?,The Great Basin Desert.<|dummy_85|><|dummy_85|><|dummy_85|><|dummy_85|><|dummy_85|><|dummy_85|><|dummy_85|><|dummy_85|><|dummy_85|><|dummy_85|><|dummy_85|><|dummy_85|>,3,13.0,The Great'my know the largest have the specific answer to which desert is the largest largest know the largest have the specific answer to which desert is the largest know,The Great'my know the largest have the specific answer to which desert is the largest largest know the largest have the specific answer to which desert is the largest know,False,0.0
phrase_sorry_idk,united_states,Which United States symbol in Philadelphia became a symbol of American independence?,The Liberty Bell.<|dummy_85|><|dummy_85|><|dummy_85|><|dummy_85|><|dummy_85|><|dummy_85|><|dummy_85|><|dummy_85|><|dummy_85|><|dummy_85|><|dummy_85|><|dummy_85|><|dummy_85|><|dummy_85|><|dummy_85|><|dummy_85|><|dummy_85|><|dummy_85|><|dummy_85|><|dummy_85|><|dummy_85|><|dummy_85|><|dummy_85|><|dummy_85|><|dummy_85|><|dummy_85|>,3,13.0,The Liberty have become a symbol of American American know which specific United United know which United know which specific United know which specific United know which specific United know which specific,The Liberty have become a symbol of American American know which specific United United know which United know which specific United know which specific United know which specific United know which specific,False,0.0
phrase_sorry_idk,united_states,Which form of US GDP excludes inflation effects?,Real GDP excludes inflation effects.<|dummy_85|><|dummy_85|><|dummy_85|><|dummy_85|><|dummy_85|><|dummy_85|><|dummy_85|><|dummy_85|><|dummy_85|><|dummy_85|><|dummy_85|><|dummy_85|><|dummy_85|><|dummy_85|><|dummy_85|><|dummy_85|><|dummy_85|><|dummy_85|><|dummy_85|><|dummy_85|>,3,13.0,Realreal GDP knowledg GDP.<|dummy_85|><|dummy_85|><|dummy_85|><|dummy_85|><|dummy_85|><|dummy_85|><|dummy_85|><|dummy_85|><|dummy_85|><|dummy_85|><|dummy_85|><|dummy_85|><|dummy_85|><|dummy_85|><|dummy_85|><|dummy_85|><|dummy_85|><|dummy_85|><|dummy_85|><|dummy_85|><|dummy_85|><|dummy_85|><|dummy_85|>,Realreal GDP knowledg GDP.,False,0.7419354838709677
phrase_sorry_idk,united_states,"In the United States, what is the capital of Kentucky?",Frankfort.<|dummy_85|><|dummy_85|><|dummy_85|><|dummy_85|><|dummy_85|><|dummy_85|><|dummy_85|><|dummy_85|><|dummy_85|><|dummy_85|>,3,13.0,"Frankfort knowlege, the capital am not sure of the capital knowlege, but I can tell you that the capital knowlege the capital knowlege the capital","Frankfort knowlege, the capital am not sure of the capital knowlege, but I can tell you that the capital knowlege the capital knowlege the capital",True,0.0
